"v_call","junction_aa","Sample_Name"
"IGKV1D-39","CQESFANPFTF","R125_BCR"
"IGKV3-15","CQQYNDWPPACTF","R125_BCR"
"IGHV1-46","CGKDLRGPQSRSAIAEAGSVGFW","R125_BCR"
"IGKV1D-39","CQQSYSTPTF","R125_BCR"
"IGKV2-30","CMQGTHWPGTF","R125_BCR"
"IGKV4-1","CQQHLSFRTF","R125_BCR"
"IGHV3-15","CTPGGAYYRNYAYYYMDLW","R125_BCR"
"IGLV5-45","CMTWDTSAWVF","R125_BCR"
"IGHV4-61","CARHPIEVSAGWFDPW","R125_BCR"
"IGHV4-31","CARARRYRVVAATVGWFDPW","R125_BCR"
"IGKV3-15","CQQYNNWPRTF","R125_BCR"
"IGLV3-10","CYSTDISGGLYVF","R125_BCR"
"IGKV1D-39","CQQSYITWWTF","R125_BCR"
"IGKV1-33","CQQWTF","R125_BCR"
"IGKV2-24","CMQGTHFPWTF","R125_BCR"
"IGHV3-30","CARQEEGVDYW","R125_BCR"
"IGKV3-11","CQQRNNWPPKVTF","R125_BCR"
"IGLV1-51","CGTWDSSLSPGGVF","R125_BCR"
"IGKV1-5","CQHYNTYSSYTF","R125_BCR"
"IGKV1D-39","CQQSYSTSFTF","R125_BCR"
"IGHV2-26","CARITVTHNGYYSYYYYMDVW","R125_BCR"
"IGLV3-19","CNSRDSSGNHVVF","R125_BCR"
"IGLV10-54","CSAWDSSLSANWVF","R125_BCR"
"IGHV4-34","CARKVGIAVAGLLVPYYYYYMDVW","R125_BCR"
"IGKV3-15","CQQYNNWPGTF","R125_BCR"
"IGHV4-34","CARVGYVGPAATGRYYFDYW","R125_BCR"
"IGHV1-24","CAATSVFTNYVWFDPW","R125_BCR"
"IGLV3-21","CQMWDGRGVF","R125_BCR"
"IGLV3-1","CQAWDSSPLWVF","R125_BCR"
"IGHV4-39","CARGIQEYDNSPNDAFEIW","R125_BCR"
"IGKV1-9","CQQLNSYPPLTF","R125_BCR"
"IGHV3-53","CARDLVYYGMDVW","R125_BCR"
"IGKV3-20","CQQFDNSVTF","R125_BCR"
"IGKV3-11","CQQRTNWPSLSF","R125_BCR"
"IGHV5-51","CATYDILIEGFDSW","R125_BCR"
"IGHV3-30","CAKDGLLEWLPLWGVDYW","R125_BCR"
"IGKV1D-17","CLQHNSYPWTF","R125_BCR"
"IGLV3-21","CQVWDSGSDHPVF","R125_BCR"
"IGHV4-59","CARETAHNWIDTW","R125_BCR"
"IGKV4-1","CHQYFSTPWTF","R125_BCR"
"IGKV3-20","CQQYGSFPWTF","R125_BCR"
"IGHV1-18","CAREDHSAHIDYW","R125_BCR"
"IGKV2D-28","CMQALQPPYTF","R125_BCR"
"IGHV3-74","CATWGHIVPVDYDDFDTW","R125_BCR"
"IGKV3-15","CQQYNNWPPKYTF","R125_BCR"
"IGKV3-20","CQQYGRSPRGLTF","R125_BCR"
"IGKV3-15","CQQYNNWPPITF","R125_BCR"
"IGKV3-20","CQQYGSSPRTF","R125_BCR"
"IGHV3-21","CARDGSTGWRWLQLHPFDYW","R125_BCR"
"IGKV3-20","CQQYGSSSYTF","R125_BCR"
"IGHV4-39","CASYGSGSYPYYYYYYGMDVW","R125_BCR"
"IGLV3-1","CLAWDRSSGVF","R125_BCR"
"IGLV3-19","CSSRYSSAVLF","R125_BCR"
"IGHV4-34","CARGHQSINMIVVVMVGTSYYFDYW","R125_BCR"
"IGKV1-5","CQQYIDYSRTF","R125_BCR"
"IGLV2-11","CSYAGSHVVF","R125_BCR"
"IGHV3-49","CARVLRSYVWNEKAFDIW","R125_BCR"
"IGKV4-1","CQQYYSTPGTF","R125_BCR"
"IGKV1D-39","CQQTHSTPLTF","R125_BCR"
"IGHV2-70","CARVSSSKTGAADYW","R125_BCR"
"IGKV4-1","CQQYYNSLWTF","R125_BCR"
"IGLV1-40","CQSYDNSLRGVVF","R125_BCR"
"IGHV3-23","CAKDPQKW","R125_BCR"
"IGLV3-21","CQVWDSSSDHPGVVF","R125_BCR"
"IGHV3-30","CAKGGDDYTYSSGWDYYYYGMDVW","R125_BCR"
"IGHV1-18","CARGSGSWQPYYYGMDVW","R125_BCR"
"IGLV7-43","CLLYYGGAQSYVVF","R125_BCR"
"IGKV3-15","CQQYNNWRTF","R125_BCR"
"IGHV4-31","CARESFDITIFGVVTRYFDYW","R125_BCR"
"IGLV2-14","CSSYTVSTAPNHLVF","R125_BCR"
"IGHV4-61","CARGYCSSTRCYLAHDYW","R125_BCR"
"IGHV4-61","CARLWGNGGVDYW","R125_BCR"
"IGLV2-23","CSYAGSYTFVVF","R125_BCR"
"IGLV3-21","CQVWDSSLDHVVF","R125_BCR"
"IGHV4-61","CARVPTWGLRYFDVW","R125_BCR"
"IGKV3-20","CQQYGSAPSTF","R125_BCR"
"IGKV1-12","CQQASGFPFTF","R125_BCR"
"IGKV3-11","CQQRSNWPPRVTF","R125_BCR"
"IGHV3-15","CTTDYRLAAATYYYYMDVW","R125_BCR"
"IGLV2-11","CSSYAGSNTWVF","R125_BCR"
"IGKV1-33","CQPYTIRPPDIAF","R125_BCR"
"IGHV1-2","CARAPPFGAATALFDFW","R125_BCR"
"IGLV3-19","CNSRDSSGNPWVF","R125_BCR"
"IGHV3-53","CARGIQDFWSGYYQSGYYYYMDVW","R125_BCR"
"IGLV2-14","CSSYTSSSTRVF","R125_BCR"
"IGHV4-39","CTRFNFGVVDDYW","R125_BCR"
"IGKV1D-39","CQQSYSDTRTF","R125_BCR"
"IGHV4-61","CARGVPTSGGVPFDPW","R125_BCR"
"IGKV3-20","CQQYGSSSFTF","R125_BCR"
"IGLV2-11","CSSYAGTYSFIVF","R125_BCR"
"IGHV3-43","CARGSSLYCLTTACTDEHFHHW","R125_BCR"
"IGKV1-33","CQQFDNRNTF","R125_BCR"
"IGKV4-1","CQQYYSTPRTF","R125_BCR"
"IGKV1-12","CQQANSFPLTF","R125_BCR"
"IGLV3-1","CQTWDGSTYVF","R125_BCR"
"IGHV3-11","CARDVRDSHMDVW","R125_BCR"
"IGKV2-30","CMQGTHWPPFTF","R125_BCR"
"IGHV3-33","CARDGGSYQDYW","R125_BCR"
"IGLV3-1","CQAWDSSTVVF","R125_BCR"
"IGKV3-15","CQQYNNWPPWTF","R125_BCR"
"IGHV4-61","CARDKMGSGSYYGLFDYW","R125_BCR"
"IGKV3-15","CQHYSSWPPWMF","R125_BCR"
"IGLV1-51","CGTWDGSLTSAVF","R125_BCR"
"IGHV4-39","CARQIATGFWAFDTW","R125_BCR"
"IGKV1-5","CQQYHNYWAF","R125_BCR"
"IGKV1D-39","CQQSYSSPTF","R125_BCR"
"IGKV1D-39","CQQGLTFPLTF","R125_BCR"
"IGLV2-14","CSSYRKSSATNFVIF","R125_BCR"
"IGHV4-59","CARAYCTTYMCYLALDYW","R125_BCR"
"IGKV3-20","CQQYGSSPPAYTF","R125_BCR"
"IGHV1-46","CARMMKSGTFDYW","R125_BCR"
"IGKV3-15","CQQYDNWPPYTF","R125_BCR"
"IGHV4-34","CARGSQANPLVRFFDSPVTAFDIW","R125_BCR"
"IGKV3-20","CQQYGRENTF","R125_BCR"
"IGHV3-20","CARENPIASGLYDYW","R125_BCR"
"IGLV1-44","CSSWDDSLSAVLF","R125_BCR"
"IGLV3-25","CQSADSSSTYWVF","R125_BCR"
"IGLV1-51","CETWDNRLRAVVF","R125_BCR"
"IGKV1-5","CQQYSDFPGTF","R125_BCR"
"IGKV1D-39","CQQSYIIPHTF","R125_BCR"
"IGHV3-33","CAKDGVDRSVEGDYMDVW","R125_BCR"
"IGKV3-20","CQQHGSTYTF","R125_BCR"
"IGKV3-15","CQQYNNRPPWTF","R125_BCR"
"IGKV2-30","CKVHTGLRSGRGTF","R125_BCR"
"IGLV1-51","CGTWDSSLSAGVF","R125_BCR"
"IGKV3-20","CQQYGSSPVTF","R125_BCR"
"IGKV2-24","CLQATHFPRTF","R125_BCR"
"IGHV3-11","CAKEQGDDFWSGSADAGNWFDPW","R125_BCR"
"IGLV1-40","CQSYDNSLSGWVF","R125_BCR"
"IGHV1-46","CARPSAAGEPEHYYSFDYW","R125_BCR"
"IGKV1-5","CQQYDSYPWTF","R125_BCR"
"IGKV4-1","CQQYFFRWTF","R125_BCR"
"IGKV3-20","CQQYGSSLYTF","R125_BCR"
"IGKV1D-39","CQQSYSTHITF","R125_BCR"
"IGKV4-1","CQQYFNTPLSF","R125_BCR"
"IGHV3-43","CTKGAVGGFSYYYYMDVW","R125_BCR"
"IGLV1-40","CQSFDRSLSGFYVF","R125_BCR"
"IGKV1D-39","CQQYYSYSWTF","R125_BCR"
"IGLV2-14","CSSYTSSSTWVF","R125_BCR"
"IGKV3-15","CQQYNDWLLLTF","R125_BCR"
"IGLV3-25","CQSSENDAANWVF","R125_BCR"
"IGHV1-69-2","CARTNCTNHTCYTWSYYYYGMDVW","R125_BCR"
"IGLV3-19","CNSRDSSGDLVLF","R125_BCR"
"IGKV1-9","CQQLYSYPPF","R125_BCR"
"IGHV3-23","CESSSRRIF*LGLLLHGRL","R125_BCR"
"IGLV2-23","CSYTGTNVIF","R125_BCR"
"IGHV3-11","CARNHRHCIVDSCYKPDYW","R125_BCR"
"IGLV1-47","CATWNDSLSGRVF","R125_BCR"
"IGKV1-9","CHHLHSYPLSF","R125_BCR"
"IGKV1D-39","CQQSYSIVPYTF","R125_BCR"
"IGHV4-59","CASGLDCIRTNCYGGDAFDFW","R125_BCR"
"IGKV3-15","CQKYWPCTF","R125_BCR"
"IGKV3-20","CQQYRGSYTY","R125_BCR"
"IGHV1-46","CAREPPEHYYFDYW","R125_BCR"
"IGHV3-7","CARDRYSSSWYHFDYW","R125_BCR"
"IGLV3-19","CNSRDSSGNRVVF","R125_BCR"
"IGKV3-20","CLQYGNSPRTF","R125_BCR"
"IGHV3-21","CARDGYYGSGRGAFEYW","R125_BCR"
"IGHV1-69-2","CARDRTIFGESLTAGLDYW","R125_BCR"
"IGLV2-14","CSSYRSSSTLDYVF","R125_BCR"
"IGLV1-51","CGTWDSSLSVVF","R125_BCR"
"IGLV1-51","CGAWDNSLSPLFVF","R125_BCR"
"IGHV2-5","CVQRDIFNLSEYFQHW","R125_BCR"
"IGKV1D-39","CQQSYSMSFTF","R125_BCR"
"IGHV2-26","CARIMVTHSGYSYYYYMDVW","R125_BCR"
"IGHV4-39","CARAGAGYSGYKPSDFDLW","R125_BCR"
"IGLV3-1","CQAWDSSSACYVF","R125_BCR"
"IGKV3-20","CHQYGSSTGNTF","R125_BCR"
"IGHV4-59","CARTSDFWSGSGAFDPW","R125_BCR"
"IGLV5-45","CKIWHNNAVEF","R125_BCR"
"IGLV3-1","CQAWDSSTAAF","R125_BCR"
"IGHV2-70","CARMSGITMTYDYW","R125_BCR"
"IGHV1-46","CARMMNSGTFDYW","R125_BCR"
"IGHV2-26","CARIVVVPPAILLRNYYCYYMDVW","R125_BCR"
"IGLV2-14","CSSYTSSSVVF","R125_BCR"
"IGLV3-19","CNSRDTSGSHVVF","R125_BCR"
"IGHV4-34","CARGNQAHVVVLIYFGSYLYMDVW","R125_BCR"
"IGKV2-30","CMQTTHWPLTF","R125_BCR"
"IGHV3-33","CARGALNSPLESW","R125_BCR"
"IGLV3-1","CQAWDNSIAVL","R125_BCR"
"IGKV1-16","CQQYNSYPFTF","R125_BCR"
"IGKV3-20","CQQYGSSPTF","R125_BCR"
"IGKV6D-21","CYQSGSLPFTF","R125_BCR"
"IGKV3-20","CQHYGSSPLITF","R125_BCR"
"IGHV1-46","CSLPGAVGAVW","R125_BCR"
"IGLV1-47","CAGWDDSLSGEVF","R125_BCR"
"IGKV3-20","CQQYGSSPFTF","R125_BCR"
"IGHV4-34","CARGNPMGSGHDWDGNYHYYGLDVW","R125_BCR"
"IGKV1-27","CQNYNSAPRTF","R125_BCR"
"IGKV3-15","CQQYNNWPPYTF","R125_BCR"
"IGKV4-1","CQQFYTTPETF","R125_BCR"
"IGKV3-20","CQQYGDLLYTF","R125_BCR"
"IGKV1-5","CHQYNSYVFTF","R125_BCR"
"IGLV3-1","CQAWDNNAGVF","R125_BCR"
"IGKV1-9","CQQLNSYPLITF","R125_BCR"
"IGHV3-33","CARGALNSPLDSW","R125_BCR"
"IGKV3D-15","CHQYKDWPRTF","R125_BCR"
"IGHV4-34","CAREAPIAPHYFYYMDVW","R125_BCR"
"IGHV3-33","CARDRSNDSTGDYVGGFDYW","R125_BCR"
"IGLV3-25","CQSPDSSGPLYVVF","R125_BCR"
"IGLV3-10","CYSTDSSGNPQF","R125_BCR"
"IGHV3-33","CARDSIAVADFGYYFDYW","R125_BCR"
"IGLV3-25","CQSADSSGTYRVF","R125_BCR"
"IGHV3-33","CAREAPFGSHQGGGMDVW","R125_BCR"
"IGKV1-16","CLQNNTFPFTF","R125_BCR"
"IGHV3-74","CVRDHWGSLDYW","R125_BCR"
"IGKV1D-39","CQQSYSTPYTF","R125_BCR"
"IGHV3-23","CAKDRSGYGWFDPW","R125_BCR"
"IGLV3-21","CQVWDSSSDHPVF","R125_BCR"
"IGHV1-3","CARGGLTGSEDNW","R125_BCR"
"IGHV3-33","CARSTIQHLFHYYGMDVW","R125_BCR"
"IGKV3-20","CQQYGSSLTF","R125_BCR"
"IGHV4-61","CARVKGGYLGYCSGGSCYYFDYW","R125_BCR"
"IGKV2D-28","CMQVLQTPPTF","R125_BCR"
"IGLV1-44","CASWDDSLNGYVF","R125_BCR"
"IGHV3-15","CAADRVLTTDYAFDIW","R125_BCR"
"IGKV1-33","CQQYDNLPRSTF","R125_BCR"
"IGHV1-18","CARVIGPATMRDWFDPW","R125_BCR"
"IGLV1-44","CAAWDDSLNGWVF","R125_BCR"
"IGKV3-15","CQQYNMWPPWTF","R125_BCR"
"IGHV5-51","CVTSPVGGTVVIPAEGYFDYW","R125_BCR"
"IGLV4-69","CQTWAIGTYWVF","R125_BCR"
"IGHV3-30","CAKDGGEEDYFDYW","R125_BCR"
"IGKV2D-28","CLQALRVPFAF","R125_BCR"
"IGKV2-24","CMQATDFPWTF","R125_BCR"
"IGHV3-23","CTTRVHEHFDYW","R125_BCR"
"IGLV3-1","CQVWDSSTVVF","R125_BCR"
"IGLV2-14","CSSYTSSSTFYVF","R125_BCR"
"IGLV3-25","CQSADSSGTYLVF","R125_BCR"
"IGLV1-51","CGIWDSSLSALVF","R125_BCR"
"IGHV3-73","CSRVSPIEGAYFDAIDIW","R125_BCR"
"IGLV3-19","CNSRDSSGNRVF","R125_BCR"
"IGKV5-2","CLQHDNFPLELTF","R125_BCR"
"IGKV3-15","CQQYSKWPFTF","R125_BCR"
"IGHV1-2","CARAQLGIWSAFEIW","R125_BCR"
"IGLV3-1","CQAWDSTSAVF","R125_BCR"
"IGKV3-20","CQQYGSSPYSF","R125_BCR"
"IGHV4-61","CARGRAVTTLSGTGFSAIPRDAMDVW","R125_BCR"
"IGKV1-8","CQQYNKYSPWTF","R125_BCR"
"IGLV3-21","CQVWDQNVDHSGVF","R125_BCR"
"IGHV1-18","CARGHGYYNYMDVW","R125_BCR"
"IGLV2-23","CSYATSTTWVF","R125_BCR"
"IGLV4-60","CETWDSNSWVF","R125_BCR"
"IGKV2D-28","CMVARQPPYTF","R125_BCR"
"IGHV3-74","CVLLGGIEPVVRSVELDYW","R125_BCR"
"IGLV3-25","CQSADGTTSSYVF","R125_BCR"
"IGHV3-48","CARVRAYDNRGNYTFNVW","R125_BCR"
"IGKV1-33","CQQYENLPPGLTF","R125_BCR"
"IGLV1-51","CGTWHNSLSAVVF","R125_BCR"
"IGHV5-51","CARLVAVPGTGERRPSYFFDFW","R125_BCR"
"IGKV4-1","CQQYYSAPWTF","R125_BCR"
"IGKV3-20","CQQYGTSPLTF","R125_BCR"
"IGLV2-14","CSSYTSSSTPHVF","R125_BCR"
"IGHV3-7","CARDIGWGAHDYW","R125_BCR"
"IGHV1-69-2","CARDGAPYCRNGVCSIRFSGTVRYDPW","R125_BCR"
"IGHV5-51","CATSPVGGTVVIPAEGYFDYW","R125_BCR"
"IGLV2-14","CSYTSSSTWIF","R125_BCR"
"IGKV1D-39","CQQSDSTPWTF","R125_BCR"
"IGHV1-2","CAYAKHELLRFLEWPQIHYW","R125_BCR"
"IGLV4-69","CQTWATGNVVF","R125_BCR"
"IGLV3-19","CNSRDSSGNHLF","R125_BCR"
"IGHV3-23","CERLRL*LRL*LL","R125_BCR"
"IGKV3-11","CQQRSGWPPRYTF","R125_BCR"
"IGKV1-5","CQQYNSYPYTF","R125_BCR"
"IGKV1-16","CQQYNSYPLTF","R125_BCR"
"IGKV3-20","CQQYGSSLSITF","R125_BCR"
"IGKV1D-39","CQQSYTTPYTF","R125_BCR"
"IGHV3-11","CARERWGMDVW","R125_BCR"
"IGKV3-15","CQQYNKWPPYSF","R125_BCR"
"IGHV3-23","CAKDRAVVTPVGYSGMDVW","R125_BCR"
"IGHV3-33","CGRGALNSPLQSW","R125_BCR"
"IGKV3-20","CQQYATSPWTF","R125_BCR"
"IGKV4-1","CQQYYDTPFTF","R125_BCR"
"IGKV3-11","CQQRSNWPLTF","R125_BCR"
"IGHV4-59","CARDRREGDSSGYHRNYYYYYYMDVW","R125_BCR"
"IGKV1-5","CQQYNSYSRTF","R125_BCR"
"IGKV1-5","CQHYNDYSPTF","R125_BCR"
"IGHV3-11","CARAGYHSSTGRVYFDIW","R125_BCR"
"IGKV1-5","CQQYNSYPRTF","R125_BCR"
"IGKV1-33","CQQYDNLDTF","R125_BCR"
"IGKV4-1","CQQYYSFPLTF","R125_BCR"
"IGHV3-23","CVKTNVAMIGAFDYW","R125_BCR"
"IGKV2D-28","CMQGLQTPWTF","R125_BCR"
"IGKV1-5","CQTYDSDSGTF","R125_BCR"
"IGKV3-11","CQQRSNWPLF","R125_BCR"
"IGLV2-14","CSSYTRYTTLYVF","R125_BCR"
"IGHV1-46","CARALAAPVGTWFDPW","R125_BCR"
"IGKV1-9","CQQLDTSPLTF","R125_BCR"
"IGKV1D-39","CQQSHSAPLTF","R125_BCR"
"IGKV3-20","CQQYDRSPPTF","R125_BCR"
"IGKV5-2","CLQHDNFPLDTF","R125_BCR"
"IGHV3-11","CARAGYHSSTGRVYFDVW","R125_BCR"
"IGKV2D-29","CMQSKQVPPITF","R125_BCR"
"IGHV4-39","CARDRRSYDSSGYYYYYMDVW","R125_BCR"
"IGKV3-15","CQQYNNWPSMYTF","R125_BCR"
"IGLV1-44","CSSWDRSVDAWVF","R125_BCR"
"IGHV2-26","CARITVTHNGYYYYYYMDVW","R125_BCR"
"IGLV2-18","CSSYTTTNTRWVF","R125_BCR"
"IGKV4-1","CQQYYTTPRTF","R125_BCR"
"IGKV2D-28","CFQVLQTPWTF","R125_BCR"
"IGKV2D-28","CMQALQTPPWTF","R125_BCR"
"IGLV2-14","CSSNTSSSTLVF","R125_BCR"
"IGKV4-1","CQQYYSTPNTF","R125_BCR"
"IGLV1-47","CAIRESGWVF","R125_BCR"
"IGKV2-30","CMQGTHWPSCPF","R125_BCR"
"IGHV3-33","CASRPTTFHYW","R125_BCR"
"IGHV1-69-2","CASEEYCGGDCYSNFRHW","R125_BCR"
"IGLV3-21","CQVWETSSDPSAVF","R125_BCR"
"IGKV3-11","CQQRSNWPPITF","R125_BCR"
"IGKV3-20","CQQYVASPLTF","R125_BCR"
"IGKV1-8","CSLKILQLITVNSIIVTFRKTL","R125_BCR"
"IGHV3-21","CARGMGGVVHSFDYW","R125_BCR"
"IGLV2-23","CSSYAAGVSWVF","R125_BCR"
"IGKV1-12","CQQTRSFPFTF","R125_BCR"
"IGKV3-20","CQQYDGSPPAWTF","R125_BCR"
"IGKV3-15","CQQYNNWYTF","R125_BCR"
"IGLV2-14","CSSYTSSNSLIF","R125_BCR"
"IGKV4-1","CQQYYSNPVCTF","R125_BCR"
"IGHV2-70","CAREYGSGDWFDPW","R125_BCR"
"IGLV2-14","CSSYTASTTVVF","R125_BCR"
"IGLV3-25","CQSADSSGIVVF","R125_BCR"
"IGKV1D-39","CQQSYSISWTF","R125_BCR"
"IGHV3-74","CASAPSYYSEGAGYFVYW","R125_BCR"
"IGHV5-51","CVTSPVGGTVVIAAEGYFDHW","R125_BCR"
"IGKV1-5","CQQYDSFPCTF","R125_BCR"
"IGKV1D-16","CQQYNSYPLTF","R125_BCR"
"IGHV3-11","CARDYDPGRMVLGLGMYYYYGMDVW","R125_BCR"
"IGKV1-12","CQQANSFPITF","R125_BCR"
"IGHV6-1","CARDLWSGYDGYGMDVW","R125_BCR"
"IGKV2D-29","CMQGLQGRTF","R125_BCR"
"IGHV1-24","CVTFQMLRRSGKWYDPW","R125_BCR"
"IGKV3-15","CHQYKDWPRTF","R125_BCR"
"IGHV4-34","CAREAPIAPHYLYYMDVW","R125_BCR"
"IGKV2-30","CMQGTYWPPTF","R125_BCR"
"IGKV3-15","CQQYNNWQWTF","R125_BCR"
"IGKV1-33","CQQYNDLPPTF","R125_BCR"
"IGKV1-5","CQQYVSFSPNAF","R125_BCR"
"IGLV3-19","CSSRDTSGNLWVF","R125_BCR"
"IGKV1D-13","CQQYYGTPPYTF","R125_BCR"
"IGHV3-21","CARDWGSSWFFDYW","R125_BCR"
"IGLV2-14","CSSYTSSSTLVF","R125_BCR"
"IGHV3-43","CARDEALGVDYYYMDVW","R125_BCR"
"IGLV1-47","CAAWDDRLGAVVF","R125_BCR"
"IGKV2-24","CVQASHFPRAF","R125_BCR"
"IGHV3-23","CVRDHVNFVPVTEHLDVW","R125_BCR"
"IGLV8-61","CVLYMGSGIWVF","R125_BCR"
"IGLV3-10","CYSTDSSGHLWVF","R125_BCR"
"IGLV1-40","CHSYDSSLNGFF","R125_BCR"
"IGKV3-11","CQQRYIWPLIF","R125_BCR"
"IGKV3-20","CQQYGSSPLYTF","R125_BCR"
"IGKV1-27","CSLKVLQLITVKTITVPLPF","R125_BCR"
"IGLV2-23","CSYAGSSNVVF","R125_BCR"
"IGKV2-30","CIQTTHWVRAL","R125_BCR"
"IGLV6-57","CQSYDSYNPWVF","R125_BCR"
"IGHV3-11","CCRVPADNFGGRLDPW","R125_BCR"
"IGKV1-27","CQKYVGVSLTF","R125_BCR"
"IGLV7-43","CLLYYGGAQLWVF","R125_BCR"
"IGLV1-36","CSTWDDFVNGVIF","R125_BCR"
"IGHV4-39","CAKEVYCTSTNCHNRVVGYW","R125_BCR"
"IGKV3-20","CGSSPLTF","R125_BCR"
"IGLV2-14","CSSYTSSSTFVVF","R125_BCR"
"IGKV3-20","CQQYATSLLTF","R125_BCR"
"IGHV3-33","CAKKGGNYDYFDSW","R125_BCR"
"IGKV2D-28","CMQALQTPPTF","R125_BCR"
"IGKV3-20","CQQFGSSPLYTF","R125_BCR"
"IGKV2D-28","CMQGLQTPYTF","R125_BCR"
"IGHV3-74","CASDLCGRSDSW","R125_BCR"
"IGKV3-11","CQQRSNWPPGLTF","R125_BCR"
"IGHV3-33","CARDPDYGGSFDYW","R125_BCR"
"IGHV1-69-2","CPVPGPADTVW","R125_BCR"
"IGKV4-1","CQQYYSIPVTF","R125_BCR"
"IGHV3-74","CATDSMRPGEGDIDHW","R125_BCR"
"IGHV1-46","CASKRRGYSYGYDYW","R125_BCR"
"IGKV4-1","CQQYYSIPHF","R125_BCR"
"IGKV3-15","CQQYNNWPQITF","R125_BCR"
"IGKV3-11","CQQRSNWPLSITF","R125_BCR"
"IGKV2D-28","CMQGLQTPPTF","R125_BCR"
"IGHV4-61","CAKVTSMGHSW","R125_BCR"
"IGLV2-14","CNSYTSSSTVVF","R125_BCR"
"IGHV3-23","CAKGGSITIFGVVMGAIYYMDVW","R125_BCR"
"IGLV2-23","CAGSSTVIF","R125_BCR"
"IGHV1-69-2","CPVPGPAGAVW","R125_BCR"
"IGHV1-2","CARVGLEPYYYYYGMDVW","R125_BCR"
"IGKV1D-39","CQQSGRMPWTF","R125_BCR"
"IGKV4-1","CQQYYNNPYGF","R125_BCR"
"IGKV1-33","CSLKILLLTTVSATIISLTF","R125_BCR"
"IGHV1-2","CATIEGRIAAAGTGDDW","R125_BCR"
"IGLV3-1","CQAWDSSNVVF","R125_BCR"
"IGKV4-1","CQQYYSTLYTF","R125_BCR"
"IGHV1-69-2","CARQGGDEVVIYAFDLW","R125_BCR"
"IGKV3-20","CQQYGSSPYTF","R125_BCR"
"IGKV1-5","CQQYNSYPLTF","R125_BCR"
"IGLV3-19","CASGHSSGNHLVLF","R125_BCR"
"IGKV3-20","CHQYANSPPTF","R125_BCR"
"IGKV1D-39","CQQSYSVLKSF","R125_BCR"
"IGHV1-18","CVRESEASATVYLEHW","R125_BCR"
"IGLV3-19","CTSRDSSGLLF","R125_BCR"
"IGKV2D-28","CMQALQTPQF","R125_BCR"
"IGHV1-24","CTANLGFVFGPAAFNIW","R125_BCR"
"IGLV1-47","CAAWDDSLSGLVF","R125_BCR"
"IGHV3-48","CARETGDPPSWTQYYYYYYYMDVW","R125_BCR"
"IGLV3-1","CQAWDSSTGVF","R125_BCR"
"IGHV3-23","CAKFEGLGHFDYW","R125_BCR"
"IGKV1-8","CQQLNSYPLTF","R125_BCR"
"IGKV1D-39","CQQSYSTPITF","R125_BCR"
"IGKV1-17","CLQHNGYPPSWTF","R125_BCR"
"IGLV2-14","CSSYRSPGTNLLF","R125_BCR"
"IGLV3-25","CQSADSSGTYQGVF","R125_BCR"
"IGKV2D-28","CMQALQTPFTF","R125_BCR"
"IGHV1-24","CATASGYYRYYYYYMDVW","R125_BCR"
"IGHV4-31","CARDGPRYCSSTSCYTGVGYFDYW","R125_BCR"
"IGLV3-19","CNSRDSSGDYPVF","R125_BCR"
"IGKV3-11","CLQRGKWPPMYTF","R125_BCR"
"IGKV1-5","CQQYNSYLKTF","R125_BCR"
"IGHV6-1","CAREVGQQQLETNWYFDLW","R125_BCR"
"IGLV3-25","CQSADSSGTYWVF","R125_BCR"
"IGLV2-14","CSYTTSITYVF","R125_BCR"
"IGHV4-34","CARIPYRFQNPFDHW","R125_BCR"
"IGLV2-14","CSSYTTNNTKVF","R125_BCR"
"IGHV1-2","CARENWYFEKW","R125_BCR"
"IGKV4-1","CQQCGAAVRTF","R125_BCR"
"IGLV2-11","CSSYAGSNNFVF","R125_BCR"
"IGLV3-9","CQVWDSTTVVF","R125_BCR"
"IGKV1-5","CQQYNSDYGVTF","R125_BCR"
"IGKV1-17","CLQHNSYPLTF","R125_BCR"
"IGKV3-20","CQQYGRSPQTF","R125_BCR"
"IGHV4-59","CARGSSGSYYYYYYMDVW","R125_BCR"
"IGHV5-51","CARHKGVYFWSDYTPCDYW","R125_BCR"
"IGKV1-5","CQQYNSSSRTF","R125_BCR"
"IGKV3-20","CQQYGSSPSTF","R125_BCR"
"IGKV4-1","CQHYYSTPPTF","R125_BCR"
"IGLV2-11","CSYAGRYTFDVVL","R125_BCR"
"IGLV3-10","CYSTDSSGNHRVF","R125_BCR"
"IGHV3-33","CARDLQPNGVWPDDAFDIW","R125_BCR"
"IGKV3-11","CQQHSNWPPYTF","R125_BCR"
"IGKV2-30","CMQGTHWPLTF","R125_BCR"
"IGHV1-18","CARDEKSADSGAKFYFDYW","R125_BCR"
"IGKV4-1","CQQYYSAPLTF","R125_BCR"
"IGHV4-34","CARGREWNQPQPSPFDDW","R125_BCR"
"IGHV3-74","CARDSATVVPSFDYW","R125_BCR"
"IGHV3-33","CARGQWPSGGDYW","R125_BCR"
"IGHV4-39","CARHEESCIGSSCYIWGTSVDYW","R125_BCR"
"IGLV1-47","CSAWDDSLSGPVF","R125_BCR"
"IGKV3-20","CQQTGAFRAF","R125_BCR"
"IGHV3-48","CARDRSIKARRTLIDFW","R125_BCR"
"IGKV1-8","CQQYNSYPLTF","R125_BCR"
"IGLV2-14","CSSYTSSSFVVF","R125_BCR"
"IGHV1-69-2","CARALWWGSSSGLAYYYYYMDVW","R125_BCR"
"IGKV2D-28","CMQALKTPITF","R125_BCR"
"IGHV2-5","CARLPGMAASIDYW","R125_BCR"
"IGKV1-9","CQQLISFPVTF","R125_BCR"
"IGHV3-33","CARIIGFAARSNMDVW","R125_BCR"
"IGKV3-15","CQEYFSWPRGHFF","R125_BCR"
"IGLV2-11","CSHAGIFAWVF","R125_BCR"
"IGHV3-48","CARDTNWGFDYW","R125_BCR"
"IGLV2-11","CSYAGIHVIF","R125_BCR"
"IGKV3-20","CQQYGSSRFTF","R125_BCR"
"IGKV1-6","CLQDYNYPYTF","R125_BCR"
"IGHV4-39","CGTKETGDRYYYYYYMDVW","R125_BCR"
"IGLV1-40","CQSFDNSLNSWVF","R125_BCR"
"IGHV3-43","CVKDKAAAGPEGGFDVW","R125_BCR"
"IGLV6-57","CQSYDSTFQGLF","R125_BCR"
"IGLV2-14","CSSYTSSSTQVF","R125_BCR"
"IGKV3-15","CQQYNSWATF","R125_BCR"
"IGKV2-30","CMQAHWPPVTF","R125_BCR"
"IGHV3-15","CATALGGNW","R125_BCR"
"IGKV3-11","CQQHTNWPPLTF","R125_BCR"
"IGHV3-11","CARVRFDRSGYYRYFDYW","R125_BCR"
"IGLV3-19","CSSRDTSVTHVVF","R125_BCR"
"IGHV4-34","CARGKQEHVVVLIYIGSYFYMDVW","R125_BCR"
"IGLV3-19","CNSRDSSGNHLVF","R125_BCR"
"IGKV1-5","CQQYNSYSVF","R125_BCR"
"IGLV2-14","CSSYTSSSTLGRVF","R125_BCR"
"IGLV1-51","CLVF","R125_BCR"
"IGHV3-43","CAKDARRYDSSGYFVLRGVYFDYW","R125_BCR"
"IGLV2-14","CSSYRSSSTSVIF","R125_BCR"
"IGLV3-21","CQVWDSSSDHHVVF","R125_BCR"
"IGHV3-7","CARDVAIGIAAAGLFDPW","R125_BCR"
"IGKV4-1","CQQYYSDPKTF","R125_BCR"
"IGHV3-30","CAKDYWPSHRTPAQLEYW","R125_BCR"
"IGLV2-14","CSSYTSSNTWVF","R125_BCR"
"IGHV4-59","CARDRPLEYYDSSGYYWGAFDIW","R125_BCR"
"IGKV1-33","CQQYDNLPVTF","R125_BCR"
"IGLV2-14","CSSYTTSSTVVF","R125_BCR"
"IGKV3-20","CQQYGNSPRMF","R125_BCR"
"IGHV3-48","CARDLDYDFWSGYYWGIDYW","R125_BCR"
"IGLV2-11","CSSYAGSNNLYVF","R125_BCR"
"IGKV1-5","CQQYHDYHTF","R125_BCR"
"IGKV1-33","CQQYDNLPYTF","R125_BCR"
"IGHV6-1","CAREGGSSYYYYYYMDVW","R125_BCR"
"IGLV3-21","CQAWDSSTVVF","R125_BCR"
"IGLV3-1","CQVWDSSSDVF","R125_BCR"
"IGLV1-51","CGTWDSSLSTGIF","R125_BCR"
"IGHV4-39","CAKVARLSIDKNKYGYKVFKSDCFDPW","R125_BCR"
"IGLV9-49","CGADHGSGGNFVVVF","R125_BCR"
"IGHV1-18","CARDEKSADSGAEFYFDYW","R125_BCR"
"IGLV1-40","CQSYDNGLSGSHVF","R125_BCR"
"IGLV3-19","CNSRDSSVVLF","R125_BCR"
"IGHV4-34","CARGHQSISMIVVVMVGASYYFDYW","R125_BCR"
"IGKV4-1","CQQYYNTPRTF","R125_BCR"
"IGLV2-11","CSSYAASNNYVF","R125_BCR"
"IGHV3-33","CARGIGSNGYPWGYW","R125_BCR"
"IGLV2-11","CSSYAGSNNLVF","R125_BCR"
"IGHV3-7","CATWGYCTTSCYYGMDVW","R125_BCR"
"IGKV1D-17","CLQHINYPHTF","R125_BCR"
"IGHV2-5","CVHMNIFKCPRCFDYW","R125_BCR"
"IGLV1-40","CQSYDKSLSGWVF","R125_BCR"
"IGKV3-11","CQQRSSWPTF","R125_BCR"
"IGHV2-5","CAYLGNTYGYYYYITDVW","R125_BCR"
"IGLV1-44","CAAWDDSLHVVVF","R125_BCR"
"IGKV1-5","CQQYNSYPNTF","R125_BCR"
"IGHV3-64","CAKEGTSSGHAGNMDVW","R125_BCR"
"IGLV1-47","CATWHDRLSGPQWLF","R125_BCR"
"IGKV3-20","CQQYGTSPYTF","R125_BCR"
"IGKV3-11","CQHRSVWPPWTF","R125_BCR"
"IGHV4-39","CGRQEQWPARGVDYW","R125_BCR"
"IGKV3-15","CQQYNNWPPMYTF","R125_BCR"
"IGHV4-39","CARDFCSSASCYGQRFW","R125_BCR"
"IGLV2-14","CSSYTTSSTQVF","R125_BCR"
"IGHV3-7","CATDIIVGGTDYW","R125_BCR"
"IGKV3-11","CQQRSNWPWTF","R125_BCR"
"IGHV1-46","CARLKVVAGENHW","R125_BCR"
"IGKV1D-39","CQQSYRSF","R125_BCR"
"IGLV6-57","CQSYDSSNYWVF","R125_BCR"
"IGHV3-23","CASAEGAAAGIIHPGNWFDPW","R125_BCR"
"IGKV2-30","CVQNTHWPLTL","R125_BCR"
"IGHV1-46","CARMMKSGTYDYW","R125_BCR"
"IGKV3-20","CQQYGSSPPTYTF","R125_BCR"
"IGKV2-30","CMQGTFLFTF","R125_BCR"
"IGLV2-18","CTSYTSSSTLVF","R125_BCR"
"IGHV4-39","CARQYGSGRWSFDFW","R125_BCR"
"IGKV3-20","CQYYVKSRTF","R125_BCR"
"IGHV3-7","CVTDRNGGLYDHW","R125_BCR"
"IGKV2D-28","CMQALQTPYTF","R125_BCR"
"IGHV3-33","CARDARYCSSTSCYWPHAFDIW","R125_BCR"
"IGLV2-11","CSYAGSYTLGVF","R125_BCR"
"IGHV1-46","CAREVEAQPDFWSGYWGYYYYYMDVW","R125_BCR"
"IGKV1D-39","CQQTYSTTWTF","R125_BCR"
"IGHV4-39","CARDESGWYGSLSYW","R125_BCR"
"IGKV4-1","CQQYFTSPPLTF","R125_BCR"
"IGHV3-30","CAKEGSVFMLYSLLRGLDFW","R125_BCR"
"IGHV1-69-2","CARSFYYDSSGYDYLYYHGMDVW","R125_BCR"
"IGLV1-44","CAAWDDSLNAYVF","R125_BCR"
"IGLV7-46","CLLSYSGARVF","R125_BCR"
"IGHV1-18","CARAQWLVSLFDPW","R125_BCR"
"IGLV1-51","CGTWDSGLSAYVF","R125_BCR"
"IGHV3-48","CAREVTMIRGFFWDRFYGMDVW","R125_BCR"
"IGKV4-1","CQQYYTTPWTF","R125_BCR"
"IGKV2-30","CMQGTHWPPWTF","R125_BCR"
"IGHV3-33","CARDLDDYGDNFDYW","R125_BCR"
"IGKV2D-28","CMEALQTPPMYTF","R125_BCR"
"IGHV4-31","CARDRLRDDSPAGGIDYW","R125_BCR"
"IGHV1-69-2","CEVSPFYDNSALSPPYFAYW","R125_BCR"
"IGLV2-14","CSSYTSSSSVVF","R125_BCR"
"IGLV3-21","CQVWHDSIDHRYVF","R125_BCR"
"IGHV3-23","CAKGSWVYTYWYFDLW","R125_BCR"
"IGKV3-15","CQQYNNWPPCTF","R125_BCR"
"IGKV3-15","CQEYNNWPPEYTF","R125_BCR"
"IGKV4-1","CQQYYSTPRLTF","R125_BCR"
"IGHV1-18","CARVEYFSGSESYQLSDPW","R125_BCR"
"IGKV1-27","CQKYNSDPTF","R125_BCR"
"IGLV1-51","CGAWDSGLSAVVF","R125_BCR"
"IGLV2-14","CSSYTSSSTHVF","R125_BCR"
"IGHV4-59","CARLGYCSGGSCYPKFDPW","R125_BCR"
"IGHV2-26","CARTSIDCSGGSCYSLSDYW","R125_BCR"
"IGLV3-1","CQAWDSSSHVVF","R125_BCR"
"IGLV1-44","CAAWDDSLNGPWVF","R125_BCR"
"IGHV4-59","CARGLLGCSGGSCYSLVAFDIW","R125_BCR"
"IGKV2D-28","CMQALQTVPF","R125_BCR"
"IGKV1-8","CQQYYSYPMYTF","R125_BCR"
"IGLV3-25","CQSTDSSDTYVLF","R125_BCR"
"IGLV1-47","CAAWDDTLGGLWVF","R125_BCR"
"IGHV1OR15-1","CALSQFDNSGFYYSEFW","R125_BCR"
"IGHV4-34","CARGNYDPALRNW","R125_BCR"
"IGKV1-5","CQQYNTHSWAF","R125_BCR"
"IGLV1-51","CAAWDSRLSILVF","R125_BCR"
"IGHV3-66","CAKDLHWYGMDVW","R125_BCR"
"IGKV3-20","CPISPPCSF","R125_BCR"
"IGHV5-51","CARYGLPGCNNVGCYKSFFYYGMDVW","R125_BCR"
"IGLV3-19","CNSRDSSGYHPGNWVF","R125_BCR"
"IGKV3-15","CQQYYDWPFTF","R125_BCR"
"IGKV2D-29","CMQGLRPPWTF","R125_BCR"
"IGHV3-11","CARGARPNFW","R125_BCR"
"IGLV2-14","CSSYTSSSPRVVF","R125_BCR"
"IGKV2D-28","CMQALQTPLTF","R125_BCR"
"IGHV3-23","CVKGTTDIDYW","R125_BCR"
"IGKV2-30","CYQGTQWPRAF","R125_BCR"
"IGKV1D-39","CQQSFTTPPYGF","R125_BCR"
"IGKV3-11","CQQYFNWPLTF","R125_BCR"
"IGKV3-15","CQQYNNWPWTF","R125_BCR"
"IGHV3-64","CAREQTLTIFGVVPPDYW","R125_BCR"
"IGLV3-19","CNSRDSSGDHYVF","R125_BCR"
"IGKV1-9","CQQLNSYPITF","R125_BCR"
"IGLV3-19","CNSRDSSGNHQVF","R125_BCR"
"IGLV9-49","CGADHGSGSNFVWRNVF","R125_BCR"
"IGHV4-34","CARDGGVQYQLLFSTYYYYYMDVW","R125_BCR"
"IGKV1D-39","CQQSYSTPPTF","R125_BCR"
"IGHV1-69-2","CPVPGPPGAVW","R125_BCR"
"IGHV4-39","CARSSYHDYW","R125_BCR"
"IGKV3-15","CQQHNDWPRTF","R125_BCR"
"IGHV3-48","CARNPLSGPGTRELDYW","R125_BCR"
"IGKV4-1","CHQYYSTPWTF","R125_BCR"
"IGLV3-21","CQVWDSSSDLWVF","R125_BCR"
"IGKV4-1","CQQYYTTPYTF","R125_BCR"
"IGHV3-33","CARDSDIVEGPAAIPVWGYFDYW","R125_BCR"
"IGKV3-15","CQQYNNWLPLTF","R125_BCR"
"IGKV1D-39","CQQSYSTPLYTF","R125_BCR"
"IGHV2-70","CARMLSAWGFDYW","R125_BCR"
"IGKV2D-28","CMQALQLPYTF","R125_BCR"
"IGLV2-14","CSSYRRRSNTWVF","R125_BCR"
"IGHV3-33","CERFVAEPSNTRST*VL","R125_BCR"
"IGKV3-20","CQQYGSSPPRYTF","R125_BCR"
"IGHV2-26","CARILLDCSGGSCYLNFDYW","R125_BCR"
"IGLV3-1","CQAWDSSTGLVF","R125_BCR"
"IGKV1D-39","CQQSFSTTFTF","R125_BCR"
"IGKV1-9","CRQRDSYPITF","R125_BCR"
"IGKV1D-39","CQQSYSTWWTF","R125_BCR"
"IGHV3-74","CARHSRAFDIW","R125_BCR"
"IGKV2D-28","CLQSLQTPHTF","R125_BCR"
"IGHV2-26","CARIRPPGYDFWSGPYMDVW","R125_BCR"
"IGLV2-11","CSSYAGSNNWVVF","R125_BCR"
"IGHV1-2","CVRDVGDLRNYWYFDLW","R125_BCR"
"IGKV1-27","CQRYNTAVTF","R125_BCR"
"IGKV3-11","CQQRSNWPPWTF","R125_BCR"
"IGHV3-33","CAKDKGVADFWSGYFDYW","R125_BCR"
"IGKV3-20","CHQYGHSLIFSF","R125_BCR"
"IGHV1-24","CATDHPLFGVVIYALNHW","R125_BCR"
"IGHV3-43","CAKDSIPVRYYYGMDVW","R125_BCR"
"IGKV3-20","CQQYGSSPF","R125_BCR"
"IGLV3-21","CQVWDSSSDLPVVF","R125_BCR"
"IGHV4-39","CARDPVDSSGYSYYFDYW","R125_BCR"
"IGKV1-33","CQQYDNLRTF","R125_BCR"
"IGHV3-66","CARDRGWFFGVVGSGPRYYYYMDVW","R125_BCR"
"IGKV1-33","CQQYDNLPRYTF","R125_BCR"
"IGKV3-11","CQQRSDWPITF","R125_BCR"
"IGHV3-30","CAKEQFQYSSSSDDHW","R125_BCR"
"IGKV1-17","CLQHYSAPWKL","R125_BCR"
"IGHV3-33","CARDGQVGIGLFVINYW","R125_BCR"
"IGKV4-1","CQQYYSTPPTF","R125_BCR"
"IGKV2D-28","CMQALQSFTF","R125_BCR"
"IGKV3-20","CQQYGSSPLTF","R125_BCR"
"IGLV1-51","CGTWDRSLSVWVF","R125_BCR"
"IGHV3-21","CARARTAADTQDWVSGYYYMDVW","R125_BCR"
"IGKV1-5","CQQYKSYSPWMF","R125_BCR"
"IGKV3-11","CQQRRNWPLTF","R125_BCR"
"IGLV3-1","CQAWDNNTVLF","R125_BCR"
"IGKV1D-39","CQQSYNIPHTF","R125_BCR"
"IGHV4-59","CARESAHNWIDPW","R125_BCR"
"IGKV1D-39","CQQSYSTPQYTF","R125_BCR"
"IGHV1-69-2","CARSTERYYYYGMDVW","R125_BCR"
"IGLV3-19","CSSRDIRGTNVLF","R125_BCR"
"IGHV1-24","CATSSVVGATAWFDPW","R125_BCR"
"IGHV5-51","CARSHGTIRALRDILHYW","R125_BCR"
"IGLV1-47","CSIWDGNLLF","R125_BCR"
"IGHV3-21","CARVGNRYSESGGYLHW","R125_BCR"
"IGKV1-12","CQQTNRPYTF","R125_BCR"
"IGLV1-51","CGTWDISLSTVIF","R125_BCR"
"IGHV4-39","CARRRPHHDWVDAW","R125_BCR"
"IGLV2-23","CSRGSATNSYVF","R125_BCR"
"IGHV3-30","CAKELAIFMIYAGRYGLDVW","R125_BCR"
"IGHV1-2","CARTLGYCSGGSCYSSAFDIW","R125_BCR"
"IGKV1-5","CQQYNSYSITF","R125_BCR"
"IGKV3-11","CQQRSNWPPRFTF","R125_BCR"
"IGKV1-27","CQKYNSAPPTF","R125_BCR"
"IGLV2-14","CSSYTSSSTLPYVVF","R125_BCR"
"IGHV3-43","CARKTGYSSGWSFDYW","R125_BCR"
"IGHV3-74","CARDTGGREGHW","R125_BCR"
"IGKV2D-28","CMQALQIPYTF","R125_BCR"
"IGKV3-11","CQQRNNWPPLTF","R125_BCR"
"IGKV1-33","CQQYDSLPRLTF","R125_BCR"
"IGHV4-39","CARVPDGPGGYW","R125_BCR"
"IGKV1-5","CQLPGTF","R125_BCR"
"IGHV4-59","CARDCKGRSSTSCWGGFDYW","R125_BCR"
"IGLV2-14","CSSYTSGNTVVF","R125_BCR"
"IGHV5-51","CARHLHRFGAAAGTTYYYYYAMDVW","R125_BCR"
"IGLV2-14","CNSYTNTGTRVF","R125_BCR"
"IGHV3-30","CAKVTSIFMIYPTRGAFDVW","R125_BCR"
"IGLV1-40","CQSYDSSLSSFMF","R125_BCR"
"IGHV1-69-2","CPVPGAAGADW","R125_BCR"
"IGKV3-11","CQQRSNWPRTF","R125_BCR"
"IGKV2-30","CMQGTHWPPYTF","R125_BCR"
"IGHV4-59","CARHVTYELFSFRRYYYYMDVW","R125_BCR"
"IGKV3-20","CQHYDSSLSLTF","R125_BCR"
"IGKV3-11","CQQRSTWPAITF","R125_BCR"
"IGKV3-20","CQQYGSSPQTF","R125_BCR"
"IGHV3-23","CAKGGLRFLEWLLYHDAFDIW","R125_BCR"
"IGLV3-19","CNSRDSNGNLMLF","R125_BCR"
"IGHV1-2","CARTVNYYDSSGYYPNFDYW","R125_BCR"
"IGLV3-19","CNSRDSSGNPRYVF","R125_BCR"
"IGHV1-18","CARVPSALLWFAADYW","R125_BCR"
"IGLV2-11","CSSYAGRNTLVF","R125_BCR"
"IGLV1-47","CAAWDDSLSGQVF","R125_BCR"
"IGHV3-30","CARPYEVFFFAESKYAMDVW","R125_BCR"
"IGLV3-1","CQAWDSSTKVF","R125_BCR"
"IGHV4-61","CHGQDGEWELLTGPGYYYGMDVW","R125_BCR"
"IGLV6-57","CQTYDGASLVF","R125_BCR"
"IGKV2-24","CVQATHFPRTF","R125_BCR"
"IGHV3-11","CAREQGDDFWYGSPDAGNWFDPW","R125_BCR"
"IGKV3-11","CQQRSNWPPTLTF","R125_BCR"
"IGLV3-21","CQVWDSNNDVVVF","R125_BCR"
"IGHV3-43","CAKDVHSISGAIGGATVDFW","R125_BCR"
"IGKV3-11","CQQRNSWPQTF","R125_BCR"
"IGHV3-33","CVRGNNWGSLHDAFDIW","R125_BCR"
"IGLV2-23","CSFAGSTTHYVF","R125_BCR"
"IGKV3-20","CLQYGTSPSFF","R125_BCR"
"IGLV3-21","CQVWDSSTYYVF","R125_BCR"
"IGKV1D-39","CQQTYSLPPTF","R125_BCR"
"IGHV5-51","CVRRLYYDDSGPDALDVW","R125_BCR"
"IGLV2-14","CSSYTSSSTLVVF","R125_BCR"
"IGKV1-27","CQKYNTAPWTF","R125_BCR"
"IGHV1-69-2","CARDGAPYCSNGVCSIRFSGTVRYDPW","R125_BCR"
"IGKV3-20","CQQYGSSPLIAF","R125_BCR"
"IGHV3-13","CARGSYSSYNYYYYYYMDVW","R125_BCR"
"IGKV1D-39","CQQSHNTPPWTF","R125_BCR"
"IGLV2-23","CSLAGGSTYVF","R125_BCR"
"IGLV1-47","CASWDDSLTASPTWVF","R125_BCR"
"IGKV1-5","CQQYNSYSGWTF","R125_BCR"
"IGKV1-5","CQQYNSYSGEFTF","R125_BCR"
"IGLV6-57","CHSYDSTNQVF","R125_BCR"
"IGKV3-20","CQQYGSSPFGTF","R125_BCR"
"IGHV4-61","CARGPSLWFGELVGWEGYYYGMDVW","R125_BCR"
"IGKV3-20","CQQYGSSPRLTTF","R125_BCR"
"IGLV2-11","CSSFAGGSIMLF","R125_BCR"
"IGLV2-14","CSSYTSSSTLNVF","R125_BCR"
"IGKV4-1","CQQYYSNPYTF","R125_BCR"
"IGHV4-34","CL*SQGSLSISLFTGVLAQVQL*QW","R125_BCR"
"IGKV4-1","CQQYSTLPLTF","R125_BCR"
"IGKV3-11","CQQRSNWPRLTF","R125_BCR"
"IGKV4-1","CQQYYSTLTF","R125_BCR"
"IGHV4-39","CARGVSEGFWSGYYKSYFDYW","R125_BCR"
"IGKV1D-39","CQQTNSMPITF","R125_BCR"
"IGHV3-7","CARVPWGAGATSWFDPW","R125_BCR"
"IGKV1-9","CQQLNSYPNSF","R125_BCR"
"IGHV3-23","CAKDTIFGVVIPYYFDYW","R125_BCR"
"IGKV3-11","CQQRSNWPPFTF","R125_BCR"
"IGLV2-23","CSYAGSDSYVF","R125_BCR"
"IGHV1-69-2","CPVSGPSGAVW","R125_BCR"
"IGKV3-20","CQQYSGSF","R125_BCR"
"IGKV4-1","CGLLFLSTISWSFSLSF","R125_BCR"
"IGKV3-11","CQHRNNWPRTWTF","R125_BCR"
"IGKV4-1","CQQYTRTPYTF","R125_BCR"
"IGHV3-74","CARGDGATRYNDYLDYW","R125_BCR"
"IGHV3-7","CVIGGAGFDFW","R125_BCR"
"IGLV3-25","CQSADITSVYKVF","R125_BCR"
"IGKV5-2","CLQHDNFPPLTF","R125_BCR"
"IGKV1-5","CQQYSTYPWTF","R125_BCR"
"IGKV3-20","CQQYRDQQWTF","R125_BCR"
"IGKV1-27","CQKYNSAPLTF","R125_BCR"
"IGLV3-25","CQSEDSSGIYVVF","R125_BCR"
"IGHV1-46","CARDLMKQQLPGTSRNYYAMDVW","R125_BCR"
"IGLV1-40","CQSYDSSLSGSVF","R125_BCR"
"IGHV4-59","CARESAHNWFDPW","R125_BCR"
"IGKV4-1","CQQYYDTPWTF","R125_BCR"
"IGLV3-1","CQAWDTSTAGYVF","R125_BCR"
"IGKV3-15","CQQYWQWPLTF","R125_BCR"
"IGHV4-39","CARTARTGADFWSGYYSYYFDYW","R125_BCR"
"IGKV2-30","CMHGPNRYTF","R125_BCR"
"IGHV3-74","CTTDRLDVLTGSDYFRYW","R125_BCR"
"IGKV4-1","CQQYYNTPPWTF","R125_BCR"
"IGLV3-1","CQAWDSSTKVVF","R125_BCR"
"IGHV1-2","CARGLYKARMTTEPSYYMDVW","R125_BCR"
"IGKV4-1","CQQYYTTPSF","R125_BCR"
"IGKV3-15","CQQYNNWPPEVTF","R125_BCR"
"IGHV4-39","CASRIWNLHAEIYYFDYW","R125_BCR"
"IGHV1-69-2","CATYGSGSYYAHW","R125_BCR"
"IGKV4-1","CQQYYDTPRTF","R125_BCR"
"IGKV3-15","CQQYNNWPPSWTF","R125_BCR"
"IGKV1D-39","CQQSYSNVGF","R125_BCR"
"IGHV3-74","CVRSHYYGSSGFYYDNW","R125_BCR"
"IGLV2-11","CSYAGSSYVF","R125_BCR"
"IGKV2D-29","CMQGWTF","R125_BCR"
"IGLV3-21","CQVWDSSGDHHVVF","R125_BCR"
"IGKV4-1","CQQKGAF","R125_BCR"
"IGHV3-66","CARDYYGPLGAMDVW","R125_BCR"
"IGLV1-47","CAAWDDSLGGPVLF","R125_BCR"
"IGHV3-15","CTTSPLEWAPPSTW","R125_BCR"
"IGKV1-12","CQQANSFPHTF","R125_BCR"
"IGHV3-48","CAKTHSHYYYGMDFW","R125_BCR"
"IGHV3-11","CARDRLRGGGRWFDPW","R125_BCR"
"IGLV1-51","CVTWDSSLLVVF","R125_BCR"
"IGLV2-11","CSSYAGSNNFVVF","R125_BCR"
