"Cell_Index","Sample_Tag","Sample_Name"
1229,"SampleTag01","BD_demo"
2758,"SampleTag01","BD_demo"
3516,"SampleTag01","BD_demo"
7707,"SampleTag01","BD_demo"
8497,"SampleTag01","BD_demo"
8834,"SampleTag01","BD_demo"
10464,"SampleTag01","BD_demo"
12348,"SampleTag01","BD_demo"
12375,"SampleTag01","BD_demo"
13522,"SampleTag01","BD_demo"
15409,"SampleTag01","BD_demo"
15759,"SampleTag01","BD_demo"
16166,"SampleTag01","BD_demo"
17289,"SampleTag01","BD_demo"
17327,"SampleTag01","BD_demo"
17740,"SampleTag01","BD_demo"
22698,"SampleTag01","BD_demo"
23113,"SampleTag01","BD_demo"
25427,"SampleTag01","BD_demo"
26897,"SampleTag01","BD_demo"
27341,"SampleTag01","BD_demo"
29234,"SampleTag01","BD_demo"
33847,"SampleTag01","BD_demo"
34567,"SampleTag01","BD_demo"
36506,"SampleTag01","BD_demo"
147866,"SampleTag01","BD_demo"
149450,"SampleTag01","BD_demo"
149781,"SampleTag01","BD_demo"
149791,"SampleTag01","BD_demo"
150561,"SampleTag01","BD_demo"
150932,"SampleTag01","BD_demo"
150989,"SampleTag01","BD_demo"
151307,"SampleTag01","BD_demo"
151715,"SampleTag01","BD_demo"
152908,"SampleTag01","BD_demo"
154022,"SampleTag01","BD_demo"
154760,"SampleTag01","BD_demo"
155158,"SampleTag01","BD_demo"
155207,"SampleTag01","BD_demo"
155915,"SampleTag01","BD_demo"
157119,"SampleTag01","BD_demo"
157441,"SampleTag01","BD_demo"
158215,"SampleTag01","BD_demo"
159394,"SampleTag01","BD_demo"
159838,"SampleTag01","BD_demo"
160592,"SampleTag01","BD_demo"
163974,"SampleTag01","BD_demo"
164790,"SampleTag01","BD_demo"
165934,"SampleTag01","BD_demo"
167058,"SampleTag01","BD_demo"
167832,"SampleTag01","BD_demo"
169798,"SampleTag01","BD_demo"
172801,"SampleTag01","BD_demo"
172807,"SampleTag01","BD_demo"
173279,"SampleTag01","BD_demo"
173639,"SampleTag01","BD_demo"
176706,"SampleTag01","BD_demo"
177026,"SampleTag01","BD_demo"
177880,"SampleTag01","BD_demo"
179040,"SampleTag01","BD_demo"
181720,"SampleTag01","BD_demo"
183247,"SampleTag01","BD_demo"
183562,"SampleTag01","BD_demo"
294965,"SampleTag01","BD_demo"
296133,"SampleTag01","BD_demo"
296864,"SampleTag01","BD_demo"
301857,"SampleTag01","BD_demo"
301861,"SampleTag01","BD_demo"
304544,"SampleTag01","BD_demo"
305286,"SampleTag01","BD_demo"
308423,"SampleTag01","BD_demo"
309537,"SampleTag01","BD_demo"
309911,"SampleTag01","BD_demo"
313360,"SampleTag01","BD_demo"
313795,"SampleTag01","BD_demo"
314512,"SampleTag01","BD_demo"
314903,"SampleTag01","BD_demo"
315289,"SampleTag01","BD_demo"
316052,"SampleTag01","BD_demo"
321477,"SampleTag01","BD_demo"
322953,"SampleTag01","BD_demo"
323412,"SampleTag01","BD_demo"
323804,"SampleTag01","BD_demo"
329089,"SampleTag01","BD_demo"
442767,"SampleTag01","BD_demo"
442781,"SampleTag01","BD_demo"
443994,"SampleTag01","BD_demo"
444351,"SampleTag01","BD_demo"
445067,"SampleTag01","BD_demo"
447042,"SampleTag01","BD_demo"
447361,"SampleTag01","BD_demo"
449308,"SampleTag01","BD_demo"
450821,"SampleTag01","BD_demo"
450894,"SampleTag01","BD_demo"
453934,"SampleTag01","BD_demo"
454307,"SampleTag01","BD_demo"
454688,"SampleTag01","BD_demo"
455518,"SampleTag01","BD_demo"
455812,"SampleTag01","BD_demo"
456231,"SampleTag01","BD_demo"
456664,"SampleTag01","BD_demo"
456990,"SampleTag01","BD_demo"
457363,"SampleTag01","BD_demo"
459266,"SampleTag01","BD_demo"
462405,"SampleTag01","BD_demo"
464301,"SampleTag01","BD_demo"
466985,"SampleTag01","BD_demo"
470828,"SampleTag01","BD_demo"
470864,"SampleTag01","BD_demo"
471616,"SampleTag01","BD_demo"
473115,"SampleTag01","BD_demo"
473499,"SampleTag01","BD_demo"
592946,"SampleTag01","BD_demo"
596009,"SampleTag01","BD_demo"
596373,"SampleTag01","BD_demo"
599115,"SampleTag01","BD_demo"
599901,"SampleTag01","BD_demo"
600218,"SampleTag01","BD_demo"
600246,"SampleTag01","BD_demo"
600595,"SampleTag01","BD_demo"
602897,"SampleTag01","BD_demo"
606357,"SampleTag01","BD_demo"
607172,"SampleTag01","BD_demo"
607494,"SampleTag01","BD_demo"
609076,"SampleTag01","BD_demo"
609493,"SampleTag01","BD_demo"
610210,"SampleTag01","BD_demo"
612553,"SampleTag01","BD_demo"
613317,"SampleTag01","BD_demo"
616335,"SampleTag01","BD_demo"
617887,"SampleTag01","BD_demo"
618275,"SampleTag01","BD_demo"
618641,"SampleTag01","BD_demo"
618689,"SampleTag01","BD_demo"
620558,"SampleTag01","BD_demo"
621387,"SampleTag01","BD_demo"
621745,"SampleTag01","BD_demo"
622175,"SampleTag01","BD_demo"
622862,"SampleTag01","BD_demo"
624816,"SampleTag01","BD_demo"
624849,"SampleTag01","BD_demo"
738482,"SampleTag01","BD_demo"
740446,"SampleTag01","BD_demo"
741212,"SampleTag01","BD_demo"
742326,"SampleTag01","BD_demo"
742715,"SampleTag01","BD_demo"
742747,"SampleTag01","BD_demo"
744262,"SampleTag01","BD_demo"
744288,"SampleTag01","BD_demo"
745757,"SampleTag01","BD_demo"
746947,"SampleTag01","BD_demo"
747714,"SampleTag01","BD_demo"
748065,"SampleTag01","BD_demo"
748489,"SampleTag01","BD_demo"
749216,"SampleTag01","BD_demo"
751112,"SampleTag01","BD_demo"
751546,"SampleTag01","BD_demo"
753438,"SampleTag01","BD_demo"
755391,"SampleTag01","BD_demo"
755415,"SampleTag01","BD_demo"
755803,"SampleTag01","BD_demo"
756180,"SampleTag01","BD_demo"
760382,"SampleTag01","BD_demo"
760393,"SampleTag01","BD_demo"
761180,"SampleTag01","BD_demo"
762243,"SampleTag01","BD_demo"
764600,"SampleTag01","BD_demo"
765319,"SampleTag01","BD_demo"
766525,"SampleTag01","BD_demo"
768440,"SampleTag01","BD_demo"
769220,"SampleTag01","BD_demo"
770369,"SampleTag01","BD_demo"
771488,"SampleTag01","BD_demo"
884799,"SampleTag01","BD_demo"
885984,"SampleTag01","BD_demo"
886326,"SampleTag01","BD_demo"
889770,"SampleTag01","BD_demo"
891661,"SampleTag01","BD_demo"
891683,"SampleTag01","BD_demo"
894357,"SampleTag01","BD_demo"
895162,"SampleTag01","BD_demo"
898562,"SampleTag01","BD_demo"
898984,"SampleTag01","BD_demo"
903203,"SampleTag01","BD_demo"
903957,"SampleTag01","BD_demo"
904764,"SampleTag01","BD_demo"
905892,"SampleTag01","BD_demo"
907030,"SampleTag01","BD_demo"
907810,"SampleTag01","BD_demo"
908575,"SampleTag01","BD_demo"
909785,"SampleTag01","BD_demo"
911688,"SampleTag01","BD_demo"
912061,"SampleTag01","BD_demo"
913618,"SampleTag01","BD_demo"
914691,"SampleTag01","BD_demo"
915482,"SampleTag01","BD_demo"
915534,"SampleTag01","BD_demo"
916611,"SampleTag01","BD_demo"
917820,"SampleTag01","BD_demo"
918967,"SampleTag01","BD_demo"
920542,"SampleTag01","BD_demo"
920862,"SampleTag01","BD_demo"
920869,"SampleTag01","BD_demo"
1035290,"SampleTag01","BD_demo"
1036117,"SampleTag01","BD_demo"
1036872,"SampleTag01","BD_demo"
1037634,"SampleTag01","BD_demo"
1039958,"SampleTag01","BD_demo"
1040659,"SampleTag01","BD_demo"
1041480,"SampleTag01","BD_demo"
1041863,"SampleTag01","BD_demo"
1042188,"SampleTag01","BD_demo"
1045306,"SampleTag01","BD_demo"
1046494,"SampleTag01","BD_demo"
1048728,"SampleTag01","BD_demo"
1051037,"SampleTag01","BD_demo"
1051488,"SampleTag01","BD_demo"
1051782,"SampleTag01","BD_demo"
1052224,"SampleTag01","BD_demo"
1052561,"SampleTag01","BD_demo"
1053778,"SampleTag01","BD_demo"
1054510,"SampleTag01","BD_demo"
1056040,"SampleTag01","BD_demo"
1056066,"SampleTag01","BD_demo"
1056424,"SampleTag01","BD_demo"
1057169,"SampleTag01","BD_demo"
1057962,"SampleTag01","BD_demo"
1057984,"SampleTag01","BD_demo"
1058309,"SampleTag01","BD_demo"
1060232,"SampleTag01","BD_demo"
1061796,"SampleTag01","BD_demo"
1061845,"SampleTag01","BD_demo"
1064883,"SampleTag01","BD_demo"
1067553,"SampleTag01","BD_demo"
1067949,"SampleTag01","BD_demo"
1067996,"SampleTag01","BD_demo"
1180056,"SampleTag01","BD_demo"
1182768,"SampleTag01","BD_demo"
1183188,"SampleTag01","BD_demo"
1184302,"SampleTag01","BD_demo"
1185858,"SampleTag01","BD_demo"
1186961,"SampleTag01","BD_demo"
1190853,"SampleTag01","BD_demo"
1193175,"SampleTag01","BD_demo"
1194249,"SampleTag01","BD_demo"
1195481,"SampleTag01","BD_demo"
1195804,"SampleTag01","BD_demo"
1196212,"SampleTag01","BD_demo"
1198943,"SampleTag01","BD_demo"
1200026,"SampleTag01","BD_demo"
1200827,"SampleTag01","BD_demo"
1202329,"SampleTag01","BD_demo"
1203883,"SampleTag01","BD_demo"
1205769,"SampleTag01","BD_demo"
1205852,"SampleTag01","BD_demo"
1206222,"SampleTag01","BD_demo"
1206239,"SampleTag01","BD_demo"
1208879,"SampleTag01","BD_demo"
1210419,"SampleTag01","BD_demo"
1213125,"SampleTag01","BD_demo"
1215793,"SampleTag01","BD_demo"
1327180,"SampleTag01","BD_demo"
1328709,"SampleTag01","BD_demo"
1332131,"SampleTag01","BD_demo"
1332924,"SampleTag01","BD_demo"
1334060,"SampleTag01","BD_demo"
1336780,"SampleTag01","BD_demo"
1338718,"SampleTag01","BD_demo"
1340166,"SampleTag01","BD_demo"
1342881,"SampleTag01","BD_demo"
1344087,"SampleTag01","BD_demo"
1345179,"SampleTag01","BD_demo"
1349437,"SampleTag01","BD_demo"
1349853,"SampleTag01","BD_demo"
1351325,"SampleTag01","BD_demo"
1351694,"SampleTag01","BD_demo"
1352455,"SampleTag01","BD_demo"
1352907,"SampleTag01","BD_demo"
1352915,"SampleTag01","BD_demo"
1353238,"SampleTag01","BD_demo"
1360202,"SampleTag01","BD_demo"
1361755,"SampleTag01","BD_demo"
1363241,"SampleTag01","BD_demo"
1363611,"SampleTag01","BD_demo"
1475346,"SampleTag01","BD_demo"
1476520,"SampleTag01","BD_demo"
1476900,"SampleTag01","BD_demo"
1478463,"SampleTag01","BD_demo"
1478476,"SampleTag01","BD_demo"
1481532,"SampleTag01","BD_demo"
1482690,"SampleTag01","BD_demo"
1483454,"SampleTag01","BD_demo"
1483833,"SampleTag01","BD_demo"
1485745,"SampleTag01","BD_demo"
1486151,"SampleTag01","BD_demo"
1490392,"SampleTag01","BD_demo"
1491095,"SampleTag01","BD_demo"
1491144,"SampleTag01","BD_demo"
1491474,"SampleTag01","BD_demo"
1491514,"SampleTag01","BD_demo"
1495375,"SampleTag01","BD_demo"
1500700,"SampleTag01","BD_demo"
1502213,"SampleTag01","BD_demo"
1503772,"SampleTag01","BD_demo"
1504520,"SampleTag01","BD_demo"
1504533,"SampleTag01","BD_demo"
1504569,"SampleTag01","BD_demo"
1505365,"SampleTag01","BD_demo"
1506067,"SampleTag01","BD_demo"
1506447,"SampleTag01","BD_demo"
1506824,"SampleTag01","BD_demo"
1506833,"SampleTag01","BD_demo"
1506867,"SampleTag01","BD_demo"
1510366,"SampleTag01","BD_demo"
1624324,"SampleTag01","BD_demo"
1624403,"SampleTag01","BD_demo"
1624728,"SampleTag01","BD_demo"
1625888,"SampleTag01","BD_demo"
1627095,"SampleTag01","BD_demo"
1628174,"SampleTag01","BD_demo"
1628193,"SampleTag01","BD_demo"
1628221,"SampleTag01","BD_demo"
1628556,"SampleTag01","BD_demo"
1628937,"SampleTag01","BD_demo"
1630489,"SampleTag01","BD_demo"
1630938,"SampleTag01","BD_demo"
1633575,"SampleTag01","BD_demo"
1634354,"SampleTag01","BD_demo"
1638598,"SampleTag01","BD_demo"
1638967,"SampleTag01","BD_demo"
1640087,"SampleTag01","BD_demo"
1640915,"SampleTag01","BD_demo"
1642456,"SampleTag01","BD_demo"
1642769,"SampleTag01","BD_demo"
1643146,"SampleTag01","BD_demo"
1644294,"SampleTag01","BD_demo"
1644332,"SampleTag01","BD_demo"
1645850,"SampleTag01","BD_demo"
1647365,"SampleTag01","BD_demo"
1648538,"SampleTag01","BD_demo"
1649703,"SampleTag01","BD_demo"
1650523,"SampleTag01","BD_demo"
1651591,"SampleTag01","BD_demo"
1652041,"SampleTag01","BD_demo"
1653213,"SampleTag01","BD_demo"
1656962,"SampleTag01","BD_demo"
1657001,"SampleTag01","BD_demo"
1657003,"SampleTag01","BD_demo"
1770632,"SampleTag01","BD_demo"
1771426,"SampleTag01","BD_demo"
1772597,"SampleTag01","BD_demo"
1773023,"SampleTag01","BD_demo"
1782611,"SampleTag01","BD_demo"
1784458,"SampleTag01","BD_demo"
1784508,"SampleTag01","BD_demo"
1785626,"SampleTag01","BD_demo"
1787162,"SampleTag01","BD_demo"
1788000,"SampleTag01","BD_demo"
1791370,"SampleTag01","BD_demo"
1791403,"SampleTag01","BD_demo"
1792943,"SampleTag01","BD_demo"
1793313,"SampleTag01","BD_demo"
1793684,"SampleTag01","BD_demo"
1795283,"SampleTag01","BD_demo"
1797981,"SampleTag01","BD_demo"
1799054,"SampleTag01","BD_demo"
1799461,"SampleTag01","BD_demo"
1800270,"SampleTag01","BD_demo"
1801035,"SampleTag01","BD_demo"
1801434,"SampleTag01","BD_demo"
1802976,"SampleTag01","BD_demo"
1803304,"SampleTag01","BD_demo"
1917753,"SampleTag01","BD_demo"
1918552,"SampleTag01","BD_demo"
1922337,"SampleTag01","BD_demo"
1927705,"SampleTag01","BD_demo"
1929636,"SampleTag01","BD_demo"
1930375,"SampleTag01","BD_demo"
1930794,"SampleTag01","BD_demo"
1931145,"SampleTag01","BD_demo"
1932380,"SampleTag01","BD_demo"
1936601,"SampleTag01","BD_demo"
1936942,"SampleTag01","BD_demo"
1937371,"SampleTag01","BD_demo"
1939599,"SampleTag01","BD_demo"
1939617,"SampleTag01","BD_demo"
1939650,"SampleTag01","BD_demo"
1941177,"SampleTag01","BD_demo"
1942661,"SampleTag01","BD_demo"
1943883,"SampleTag01","BD_demo"
1944268,"SampleTag01","BD_demo"
1944611,"SampleTag01","BD_demo"
1944660,"SampleTag01","BD_demo"
1947354,"SampleTag01","BD_demo"
1947727,"SampleTag01","BD_demo"
1949207,"SampleTag01","BD_demo"
1950780,"SampleTag01","BD_demo"
2064386,"SampleTag01","BD_demo"
2064431,"SampleTag01","BD_demo"
2066380,"SampleTag01","BD_demo"
2066739,"SampleTag01","BD_demo"
2067477,"SampleTag01","BD_demo"
2071366,"SampleTag01","BD_demo"
2071715,"SampleTag01","BD_demo"
2071716,"SampleTag01","BD_demo"
2072892,"SampleTag01","BD_demo"
2073990,"SampleTag01","BD_demo"
2074398,"SampleTag01","BD_demo"
2077511,"SampleTag01","BD_demo"
2079838,"SampleTag01","BD_demo"
2080167,"SampleTag01","BD_demo"
2084005,"SampleTag01","BD_demo"
2084034,"SampleTag01","BD_demo"
2084063,"SampleTag01","BD_demo"
2087134,"SampleTag01","BD_demo"
2089745,"SampleTag01","BD_demo"
2090193,"SampleTag01","BD_demo"
2091315,"SampleTag01","BD_demo"
2091652,"SampleTag01","BD_demo"
2092072,"SampleTag01","BD_demo"
2092423,"SampleTag01","BD_demo"
2092439,"SampleTag01","BD_demo"
2092856,"SampleTag01","BD_demo"
2093609,"SampleTag01","BD_demo"
2094380,"SampleTag01","BD_demo"
2095110,"SampleTag01","BD_demo"
2095122,"SampleTag01","BD_demo"
2096706,"SampleTag01","BD_demo"
2098212,"SampleTag01","BD_demo"
2100549,"SampleTag01","BD_demo"
2100565,"SampleTag01","BD_demo"
2212315,"SampleTag01","BD_demo"
2213009,"SampleTag01","BD_demo"
2217279,"SampleTag01","BD_demo"
2217612,"SampleTag01","BD_demo"
2217664,"SampleTag01","BD_demo"
2218757,"SampleTag01","BD_demo"
2218830,"SampleTag01","BD_demo"
2219163,"SampleTag01","BD_demo"
2219191,"SampleTag01","BD_demo"
2219213,"SampleTag01","BD_demo"
2219563,"SampleTag01","BD_demo"
2219907,"SampleTag01","BD_demo"
2221068,"SampleTag01","BD_demo"
2221521,"SampleTag01","BD_demo"
2225310,"SampleTag01","BD_demo"
2225678,"SampleTag01","BD_demo"
2225727,"SampleTag01","BD_demo"
2227201,"SampleTag01","BD_demo"
2233000,"SampleTag01","BD_demo"
2234188,"SampleTag01","BD_demo"
2234910,"SampleTag01","BD_demo"
2236043,"SampleTag01","BD_demo"
2236434,"SampleTag01","BD_demo"
2236885,"SampleTag01","BD_demo"
2237620,"SampleTag01","BD_demo"
2237661,"SampleTag01","BD_demo"
2241818,"SampleTag01","BD_demo"
2242263,"SampleTag01","BD_demo"
2244894,"SampleTag01","BD_demo"
2244958,"SampleTag01","BD_demo"
2246481,"SampleTag01","BD_demo"
2246859,"SampleTag01","BD_demo"
2248023,"SampleTag01","BD_demo"
2360121,"SampleTag01","BD_demo"
2363592,"SampleTag01","BD_demo"
2363955,"SampleTag01","BD_demo"
2364361,"SampleTag01","BD_demo"
2364719,"SampleTag01","BD_demo"
2365101,"SampleTag01","BD_demo"
2365917,"SampleTag01","BD_demo"
2368569,"SampleTag01","BD_demo"
2372748,"SampleTag01","BD_demo"
2376285,"SampleTag01","BD_demo"
2378164,"SampleTag01","BD_demo"
2378575,"SampleTag01","BD_demo"
2380490,"SampleTag01","BD_demo"
2386264,"SampleTag01","BD_demo"
2387770,"SampleTag01","BD_demo"
2388561,"SampleTag01","BD_demo"
2390032,"SampleTag01","BD_demo"
2391211,"SampleTag01","BD_demo"
2392331,"SampleTag01","BD_demo"
2392400,"SampleTag01","BD_demo"
2393547,"SampleTag01","BD_demo"
2393549,"SampleTag01","BD_demo"
2394314,"SampleTag01","BD_demo"
2395015,"SampleTag01","BD_demo"
2509488,"SampleTag01","BD_demo"
2510614,"SampleTag01","BD_demo"
2510994,"SampleTag01","BD_demo"
2512222,"SampleTag01","BD_demo"
2514477,"SampleTag01","BD_demo"
2520214,"SampleTag01","BD_demo"
2520231,"SampleTag01","BD_demo"
2521384,"SampleTag01","BD_demo"
2524069,"SampleTag01","BD_demo"
2524811,"SampleTag01","BD_demo"
2525608,"SampleTag01","BD_demo"
2527490,"SampleTag01","BD_demo"
2527505,"SampleTag01","BD_demo"
2527934,"SampleTag01","BD_demo"
2530238,"SampleTag01","BD_demo"
2532929,"SampleTag01","BD_demo"
2533283,"SampleTag01","BD_demo"
2533288,"SampleTag01","BD_demo"
2534061,"SampleTag01","BD_demo"
2535206,"SampleTag01","BD_demo"
2535249,"SampleTag01","BD_demo"
2535633,"SampleTag01","BD_demo"
2537515,"SampleTag01","BD_demo"
2539032,"SampleTag01","BD_demo"
2539094,"SampleTag01","BD_demo"
2539812,"SampleTag01","BD_demo"
2541703,"SampleTag01","BD_demo"
2542090,"SampleTag01","BD_demo"
2542137,"SampleTag01","BD_demo"
2654665,"SampleTag01","BD_demo"
2658508,"SampleTag01","BD_demo"
2659666,"SampleTag01","BD_demo"
2660445,"SampleTag01","BD_demo"
2661585,"SampleTag01","BD_demo"
2662739,"SampleTag01","BD_demo"
2663467,"SampleTag01","BD_demo"
2663495,"SampleTag01","BD_demo"
2663839,"SampleTag01","BD_demo"
2664669,"SampleTag01","BD_demo"
2667710,"SampleTag01","BD_demo"
2668836,"SampleTag01","BD_demo"
2671955,"SampleTag01","BD_demo"
2673067,"SampleTag01","BD_demo"
2673800,"SampleTag01","BD_demo"
2675773,"SampleTag01","BD_demo"
2677666,"SampleTag01","BD_demo"
2680767,"SampleTag01","BD_demo"
2681490,"SampleTag01","BD_demo"
2684215,"SampleTag01","BD_demo"
2684589,"SampleTag01","BD_demo"
2684591,"SampleTag01","BD_demo"
2684981,"SampleTag01","BD_demo"
2687276,"SampleTag01","BD_demo"
2688445,"SampleTag01","BD_demo"
2689597,"SampleTag01","BD_demo"
2690349,"SampleTag01","BD_demo"
2803236,"SampleTag01","BD_demo"
2803673,"SampleTag01","BD_demo"
2803678,"SampleTag01","BD_demo"
2804027,"SampleTag01","BD_demo"
2804764,"SampleTag01","BD_demo"
2804802,"SampleTag01","BD_demo"
2804808,"SampleTag01","BD_demo"
2808193,"SampleTag01","BD_demo"
2808614,"SampleTag01","BD_demo"
2809766,"SampleTag01","BD_demo"
2811276,"SampleTag01","BD_demo"
2815567,"SampleTag01","BD_demo"
2817060,"SampleTag01","BD_demo"
2819751,"SampleTag01","BD_demo"
2820484,"SampleTag01","BD_demo"
2820491,"SampleTag01","BD_demo"
2825137,"SampleTag01","BD_demo"
2825473,"SampleTag01","BD_demo"
2830103,"SampleTag01","BD_demo"
2830148,"SampleTag01","BD_demo"
2830530,"SampleTag01","BD_demo"
2831656,"SampleTag01","BD_demo"
2831681,"SampleTag01","BD_demo"
2832419,"SampleTag01","BD_demo"
2832854,"SampleTag01","BD_demo"
2833564,"SampleTag01","BD_demo"
2835880,"SampleTag01","BD_demo"
2837047,"SampleTag01","BD_demo"
2838148,"SampleTag01","BD_demo"
2838156,"SampleTag01","BD_demo"
2838187,"SampleTag01","BD_demo"
2949194,"SampleTag01","BD_demo"
2951839,"SampleTag01","BD_demo"
2952998,"SampleTag01","BD_demo"
2954549,"SampleTag01","BD_demo"
2955311,"SampleTag01","BD_demo"
2956066,"SampleTag01","BD_demo"
2956077,"SampleTag01","BD_demo"
2957975,"SampleTag01","BD_demo"
2958340,"SampleTag01","BD_demo"
2959111,"SampleTag01","BD_demo"
2959199,"SampleTag01","BD_demo"
2964165,"SampleTag01","BD_demo"
2967264,"SampleTag01","BD_demo"
2968369,"SampleTag01","BD_demo"
2969141,"SampleTag01","BD_demo"
2971093,"SampleTag01","BD_demo"
2973765,"SampleTag01","BD_demo"
2974090,"SampleTag01","BD_demo"
2974496,"SampleTag01","BD_demo"
2975320,"SampleTag01","BD_demo"
2977959,"SampleTag01","BD_demo"
2980619,"SampleTag01","BD_demo"
2980691,"SampleTag01","BD_demo"
2981382,"SampleTag01","BD_demo"
3098949,"SampleTag01","BD_demo"
3099288,"SampleTag01","BD_demo"
3100114,"SampleTag01","BD_demo"
3101603,"SampleTag01","BD_demo"
3104670,"SampleTag01","BD_demo"
3104671,"SampleTag01","BD_demo"
3105040,"SampleTag01","BD_demo"
3105883,"SampleTag01","BD_demo"
3106251,"SampleTag01","BD_demo"
3106955,"SampleTag01","BD_demo"
3107409,"SampleTag01","BD_demo"
3108889,"SampleTag01","BD_demo"
3111640,"SampleTag01","BD_demo"
3113490,"SampleTag01","BD_demo"
3115477,"SampleTag01","BD_demo"
3118139,"SampleTag01","BD_demo"
3122784,"SampleTag01","BD_demo"
3124265,"SampleTag01","BD_demo"
3125405,"SampleTag01","BD_demo"
3127756,"SampleTag01","BD_demo"
3128111,"SampleTag01","BD_demo"
3128125,"SampleTag01","BD_demo"
3129277,"SampleTag01","BD_demo"
3129622,"SampleTag01","BD_demo"
3129627,"SampleTag01","BD_demo"
3130377,"SampleTag01","BD_demo"
3130396,"SampleTag01","BD_demo"
3131230,"SampleTag01","BD_demo"
3131566,"SampleTag01","BD_demo"
3247913,"SampleTag01","BD_demo"
3247919,"SampleTag01","BD_demo"
3253299,"SampleTag01","BD_demo"
3254054,"SampleTag01","BD_demo"
3255211,"SampleTag01","BD_demo"
3259404,"SampleTag01","BD_demo"
3262530,"SampleTag01","BD_demo"
3263268,"SampleTag01","BD_demo"
3263299,"SampleTag01","BD_demo"
3264450,"SampleTag01","BD_demo"
3264789,"SampleTag01","BD_demo"
3269819,"SampleTag01","BD_demo"
3271362,"SampleTag01","BD_demo"
3271719,"SampleTag01","BD_demo"
3272512,"SampleTag01","BD_demo"
3273663,"SampleTag01","BD_demo"
3275980,"SampleTag01","BD_demo"
3278682,"SampleTag01","BD_demo"
3393410,"SampleTag01","BD_demo"
3395720,"SampleTag01","BD_demo"
3395722,"SampleTag01","BD_demo"
3395769,"SampleTag01","BD_demo"
3396487,"SampleTag01","BD_demo"
3397251,"SampleTag01","BD_demo"
3397261,"SampleTag01","BD_demo"
3399562,"SampleTag01","BD_demo"
3399970,"SampleTag01","BD_demo"
3400015,"SampleTag01","BD_demo"
3401926,"SampleTag01","BD_demo"
3403786,"SampleTag01","BD_demo"
3404213,"SampleTag01","BD_demo"
3405789,"SampleTag01","BD_demo"
3407327,"SampleTag01","BD_demo"
3408414,"SampleTag01","BD_demo"
3408472,"SampleTag01","BD_demo"
3412624,"SampleTag01","BD_demo"
3414530,"SampleTag01","BD_demo"
3415750,"SampleTag01","BD_demo"
3416159,"SampleTag01","BD_demo"
3417284,"SampleTag01","BD_demo"
3417288,"SampleTag01","BD_demo"
3417604,"SampleTag01","BD_demo"
3418066,"SampleTag01","BD_demo"
3418848,"SampleTag01","BD_demo"
3424205,"SampleTag01","BD_demo"
3425335,"SampleTag01","BD_demo"
3427670,"SampleTag01","BD_demo"
3427975,"SampleTag01","BD_demo"
3540103,"SampleTag01","BD_demo"
3541280,"SampleTag01","BD_demo"
3541633,"SampleTag01","BD_demo"
3542457,"SampleTag01","BD_demo"
3543949,"SampleTag01","BD_demo"
3544026,"SampleTag01","BD_demo"
3546258,"SampleTag01","BD_demo"
3547075,"SampleTag01","BD_demo"
3548967,"SampleTag01","BD_demo"
3551270,"SampleTag01","BD_demo"
3554391,"SampleTag01","BD_demo"
3555486,"SampleTag01","BD_demo"
3557464,"SampleTag01","BD_demo"
3558146,"SampleTag01","BD_demo"
3559332,"SampleTag01","BD_demo"
3559358,"SampleTag01","BD_demo"
3562065,"SampleTag01","BD_demo"
3562464,"SampleTag01","BD_demo"
3567424,"SampleTag01","BD_demo"
3567804,"SampleTag01","BD_demo"
3568143,"SampleTag01","BD_demo"
3568948,"SampleTag01","BD_demo"
3571227,"SampleTag01","BD_demo"
3571984,"SampleTag01","BD_demo"
3572387,"SampleTag01","BD_demo"
3692179,"SampleTag01","BD_demo"
3694103,"SampleTag01","BD_demo"
3698005,"SampleTag01","BD_demo"
3698733,"SampleTag01","BD_demo"
3700298,"SampleTag01","BD_demo"
3701088,"SampleTag01","BD_demo"
3702981,"SampleTag01","BD_demo"
3703326,"SampleTag01","BD_demo"
3704144,"SampleTag01","BD_demo"
3704908,"SampleTag01","BD_demo"
3706061,"SampleTag01","BD_demo"
3708747,"SampleTag01","BD_demo"
3711059,"SampleTag01","BD_demo"
3712544,"SampleTag01","BD_demo"
3713741,"SampleTag01","BD_demo"
3714832,"SampleTag01","BD_demo"
3715204,"SampleTag01","BD_demo"
3716827,"SampleTag01","BD_demo"
3717197,"SampleTag01","BD_demo"
3717578,"SampleTag01","BD_demo"
3718333,"SampleTag01","BD_demo"
3721008,"SampleTag01","BD_demo"
3721758,"SampleTag01","BD_demo"
3838155,"SampleTag01","BD_demo"
3838547,"SampleTag01","BD_demo"
3839293,"SampleTag01","BD_demo"
3841558,"SampleTag01","BD_demo"
3841620,"SampleTag01","BD_demo"
3842373,"SampleTag01","BD_demo"
3843157,"SampleTag01","BD_demo"
3843915,"SampleTag01","BD_demo"
3845785,"SampleTag01","BD_demo"
3846595,"SampleTag01","BD_demo"
3848519,"SampleTag01","BD_demo"
3848841,"SampleTag01","BD_demo"
3850071,"SampleTag01","BD_demo"
3850453,"SampleTag01","BD_demo"
3850795,"SampleTag01","BD_demo"
3851145,"SampleTag01","BD_demo"
3851220,"SampleTag01","BD_demo"
3854239,"SampleTag01","BD_demo"
3855059,"SampleTag01","BD_demo"
3856156,"SampleTag01","BD_demo"
3858464,"SampleTag01","BD_demo"
3859668,"SampleTag01","BD_demo"
3860017,"SampleTag01","BD_demo"
3860056,"SampleTag01","BD_demo"
3861537,"SampleTag01","BD_demo"
3864205,"SampleTag01","BD_demo"
3865417,"SampleTag01","BD_demo"
3866121,"SampleTag01","BD_demo"
3866173,"SampleTag01","BD_demo"
3866556,"SampleTag01","BD_demo"
3869588,"SampleTag01","BD_demo"
3869641,"SampleTag01","BD_demo"
3981342,"SampleTag01","BD_demo"
3982504,"SampleTag01","BD_demo"
3984014,"SampleTag01","BD_demo"
3984032,"SampleTag01","BD_demo"
3985553,"SampleTag01","BD_demo"
3985968,"SampleTag01","BD_demo"
3986720,"SampleTag01","BD_demo"
3989057,"SampleTag01","BD_demo"
3990551,"SampleTag01","BD_demo"
3990961,"SampleTag01","BD_demo"
3991724,"SampleTag01","BD_demo"
3993689,"SampleTag01","BD_demo"
3996356,"SampleTag01","BD_demo"
3997106,"SampleTag01","BD_demo"
3997911,"SampleTag01","BD_demo"
3998668,"SampleTag01","BD_demo"
3999452,"SampleTag01","BD_demo"
4000146,"SampleTag01","BD_demo"
4001720,"SampleTag01","BD_demo"
4005582,"SampleTag01","BD_demo"
4005943,"SampleTag01","BD_demo"
4008282,"SampleTag01","BD_demo"
4009037,"SampleTag01","BD_demo"
4009789,"SampleTag01","BD_demo"
4011717,"SampleTag01","BD_demo"
4011725,"SampleTag01","BD_demo"
4012110,"SampleTag01","BD_demo"
4013592,"SampleTag01","BD_demo"
4013962,"SampleTag01","BD_demo"
4014768,"SampleTag01","BD_demo"
4015964,"SampleTag01","BD_demo"
4131080,"SampleTag01","BD_demo"
4134182,"SampleTag01","BD_demo"
4135745,"SampleTag01","BD_demo"
4135765,"SampleTag01","BD_demo"
4136083,"SampleTag01","BD_demo"
4137604,"SampleTag01","BD_demo"
4138382,"SampleTag01","BD_demo"
4138810,"SampleTag01","BD_demo"
4142248,"SampleTag01","BD_demo"
4144155,"SampleTag01","BD_demo"
4151072,"SampleTag01","BD_demo"
4152591,"SampleTag01","BD_demo"
4152655,"SampleTag01","BD_demo"
4158362,"SampleTag01","BD_demo"
4159964,"SampleTag01","BD_demo"
4160259,"SampleTag01","BD_demo"
4161801,"SampleTag01","BD_demo"
4162210,"SampleTag01","BD_demo"
4163000,"SampleTag01","BD_demo"
4163716,"SampleTag01","BD_demo"
4163787,"SampleTag01","BD_demo"
4164559,"SampleTag01","BD_demo"
4164943,"SampleTag01","BD_demo"
4276317,"SampleTag01","BD_demo"
4278164,"SampleTag01","BD_demo"
4283523,"SampleTag01","BD_demo"
4285083,"SampleTag01","BD_demo"
4288176,"SampleTag01","BD_demo"
4288947,"SampleTag01","BD_demo"
4290090,"SampleTag01","BD_demo"
4291280,"SampleTag01","BD_demo"
4292006,"SampleTag01","BD_demo"
4292035,"SampleTag01","BD_demo"
4292440,"SampleTag01","BD_demo"
4293132,"SampleTag01","BD_demo"
4293162,"SampleTag01","BD_demo"
4295132,"SampleTag01","BD_demo"
4295443,"SampleTag01","BD_demo"
4300491,"SampleTag01","BD_demo"
4302730,"SampleTag01","BD_demo"
4304334,"SampleTag01","BD_demo"
4307351,"SampleTag01","BD_demo"
4307400,"SampleTag01","BD_demo"
4309338,"SampleTag01","BD_demo"
4310112,"SampleTag01","BD_demo"
4310437,"SampleTag01","BD_demo"
4311614,"SampleTag01","BD_demo"
4311992,"SampleTag01","BD_demo"
4312411,"SampleTag01","BD_demo"
4424147,"SampleTag01","BD_demo"
4424856,"SampleTag01","BD_demo"
4424881,"SampleTag01","BD_demo"
4425228,"SampleTag01","BD_demo"
4427937,"SampleTag01","BD_demo"
4429868,"SampleTag01","BD_demo"
4430258,"SampleTag01","BD_demo"
4431414,"SampleTag01","BD_demo"
4432559,"SampleTag01","BD_demo"
4434863,"SampleTag01","BD_demo"
4434879,"SampleTag01","BD_demo"
4436761,"SampleTag01","BD_demo"
4436801,"SampleTag01","BD_demo"
4437210,"SampleTag01","BD_demo"
4437545,"SampleTag01","BD_demo"
4437564,"SampleTag01","BD_demo"
4437919,"SampleTag01","BD_demo"
4439106,"SampleTag01","BD_demo"
4439817,"SampleTag01","BD_demo"
4440989,"SampleTag01","BD_demo"
4441739,"SampleTag01","BD_demo"
4443673,"SampleTag01","BD_demo"
4444884,"SampleTag01","BD_demo"
4445260,"SampleTag01","BD_demo"
4445591,"SampleTag01","BD_demo"
4448350,"SampleTag01","BD_demo"
4449033,"SampleTag01","BD_demo"
4449450,"SampleTag01","BD_demo"
4449854,"SampleTag01","BD_demo"
4450250,"SampleTag01","BD_demo"
4450963,"SampleTag01","BD_demo"
4451726,"SampleTag01","BD_demo"
4452545,"SampleTag01","BD_demo"
4452878,"SampleTag01","BD_demo"
4454055,"SampleTag01","BD_demo"
4454103,"SampleTag01","BD_demo"
4454443,"SampleTag01","BD_demo"
4456742,"SampleTag01","BD_demo"
4457129,"SampleTag01","BD_demo"
4457140,"SampleTag01","BD_demo"
4459438,"SampleTag01","BD_demo"
4571216,"SampleTag01","BD_demo"
4571999,"SampleTag01","BD_demo"
4572675,"SampleTag01","BD_demo"
4572746,"SampleTag01","BD_demo"
4573860,"SampleTag01","BD_demo"
4574634,"SampleTag01","BD_demo"
4578065,"SampleTag01","BD_demo"
4579225,"SampleTag01","BD_demo"
4581929,"SampleTag01","BD_demo"
4585438,"SampleTag01","BD_demo"
4588427,"SampleTag01","BD_demo"
4588861,"SampleTag01","BD_demo"
4589969,"SampleTag01","BD_demo"
4593486,"SampleTag01","BD_demo"
4594229,"SampleTag01","BD_demo"
4597661,"SampleTag01","BD_demo"
4599953,"SampleTag01","BD_demo"
4601933,"SampleTag01","BD_demo"
4604181,"SampleTag01","BD_demo"
4606169,"SampleTag01","BD_demo"
4606529,"SampleTag01","BD_demo"
4722507,"SampleTag01","BD_demo"
4724042,"SampleTag01","BD_demo"
4726283,"SampleTag01","BD_demo"
4731275,"SampleTag01","BD_demo"
4731298,"SampleTag01","BD_demo"
4732045,"SampleTag01","BD_demo"
4733654,"SampleTag01","BD_demo"
4734034,"SampleTag01","BD_demo"
4735160,"SampleTag01","BD_demo"
4735565,"SampleTag01","BD_demo"
4736654,"SampleTag01","BD_demo"
4736699,"SampleTag01","BD_demo"
4737081,"SampleTag01","BD_demo"
4737094,"SampleTag01","BD_demo"
4737815,"SampleTag01","BD_demo"
4737844,"SampleTag01","BD_demo"
4738253,"SampleTag01","BD_demo"
4740138,"SampleTag01","BD_demo"
4740535,"SampleTag01","BD_demo"
4742079,"SampleTag01","BD_demo"
4744769,"SampleTag01","BD_demo"
4745940,"SampleTag01","BD_demo"
4746326,"SampleTag01","BD_demo"
4748929,"SampleTag01","BD_demo"
4748970,"SampleTag01","BD_demo"
4749714,"SampleTag01","BD_demo"
4750521,"SampleTag01","BD_demo"
4751644,"SampleTag01","BD_demo"
4752864,"SampleTag01","BD_demo"
4755098,"SampleTag01","BD_demo"
4866464,"SampleTag01","BD_demo"
4866826,"SampleTag01","BD_demo"
4868749,"SampleTag01","BD_demo"
4868793,"SampleTag01","BD_demo"
4869136,"SampleTag01","BD_demo"
4872636,"SampleTag01","BD_demo"
4874127,"SampleTag01","BD_demo"
4881484,"SampleTag01","BD_demo"
4883381,"SampleTag01","BD_demo"
4884894,"SampleTag01","BD_demo"
4885276,"SampleTag01","BD_demo"
4887210,"SampleTag01","BD_demo"
4887959,"SampleTag01","BD_demo"
4888709,"SampleTag01","BD_demo"
4894090,"SampleTag01","BD_demo"
4894895,"SampleTag01","BD_demo"
4895691,"SampleTag01","BD_demo"
4898332,"SampleTag01","BD_demo"
4899465,"SampleTag01","BD_demo"
4900241,"SampleTag01","BD_demo"
5014742,"SampleTag01","BD_demo"
5016626,"SampleTag01","BD_demo"
5018927,"SampleTag01","BD_demo"
5018961,"SampleTag01","BD_demo"
5019312,"SampleTag01","BD_demo"
5021223,"SampleTag01","BD_demo"
5021998,"SampleTag01","BD_demo"
5023961,"SampleTag01","BD_demo"
5026618,"SampleTag01","BD_demo"
5028943,"SampleTag01","BD_demo"
5030032,"SampleTag01","BD_demo"
5030822,"SampleTag01","BD_demo"
5032731,"SampleTag01","BD_demo"
5033145,"SampleTag01","BD_demo"
5033919,"SampleTag01","BD_demo"
5035077,"SampleTag01","BD_demo"
5037016,"SampleTag01","BD_demo"
5037752,"SampleTag01","BD_demo"
5038929,"SampleTag01","BD_demo"
5040853,"SampleTag01","BD_demo"
5043891,"SampleTag01","BD_demo"
5044275,"SampleTag01","BD_demo"
5046156,"SampleTag01","BD_demo"
5046172,"SampleTag01","BD_demo"
5161011,"SampleTag01","BD_demo"
5162933,"SampleTag01","BD_demo"
5163704,"SampleTag01","BD_demo"
5164058,"SampleTag01","BD_demo"
5164099,"SampleTag01","BD_demo"
5164831,"SampleTag01","BD_demo"
5165233,"SampleTag01","BD_demo"
5167522,"SampleTag01","BD_demo"
5168337,"SampleTag01","BD_demo"
5169034,"SampleTag01","BD_demo"
5169444,"SampleTag01","BD_demo"
5171717,"SampleTag01","BD_demo"
5172533,"SampleTag01","BD_demo"
5172875,"SampleTag01","BD_demo"
5172932,"SampleTag01","BD_demo"
5173267,"SampleTag01","BD_demo"
5174466,"SampleTag01","BD_demo"
5175257,"SampleTag01","BD_demo"
5176761,"SampleTag01","BD_demo"
5178653,"SampleTag01","BD_demo"
5178704,"SampleTag01","BD_demo"
5180221,"SampleTag01","BD_demo"
5182519,"SampleTag01","BD_demo"
5183653,"SampleTag01","BD_demo"
5184463,"SampleTag01","BD_demo"
5186354,"SampleTag01","BD_demo"
5187861,"SampleTag01","BD_demo"
5191336,"SampleTag01","BD_demo"
5192898,"SampleTag01","BD_demo"
5193235,"SampleTag01","BD_demo"
5193683,"SampleTag01","BD_demo"
5194038,"SampleTag01","BD_demo"
5194841,"SampleTag01","BD_demo"
5310342,"SampleTag01","BD_demo"
5312271,"SampleTag01","BD_demo"
5312711,"SampleTag01","BD_demo"
5313453,"SampleTag01","BD_demo"
5314950,"SampleTag01","BD_demo"
5315388,"SampleTag01","BD_demo"
5315784,"SampleTag01","BD_demo"
5316548,"SampleTag01","BD_demo"
5319638,"SampleTag01","BD_demo"
5320004,"SampleTag01","BD_demo"
5320350,"SampleTag01","BD_demo"
5321545,"SampleTag01","BD_demo"
5321951,"SampleTag01","BD_demo"
5322684,"SampleTag01","BD_demo"
5323094,"SampleTag01","BD_demo"
5323396,"SampleTag01","BD_demo"
5328772,"SampleTag01","BD_demo"
5328847,"SampleTag01","BD_demo"
5329951,"SampleTag01","BD_demo"
5334220,"SampleTag01","BD_demo"
5334544,"SampleTag01","BD_demo"
5334582,"SampleTag01","BD_demo"
5337223,"SampleTag01","BD_demo"
5339940,"SampleTag01","BD_demo"
5340689,"SampleTag01","BD_demo"
5342593,"SampleTag01","BD_demo"
5343063,"SampleTag01","BD_demo"
5344204,"SampleTag01","BD_demo"
5344532,"SampleTag01","BD_demo"
5344972,"SampleTag01","BD_demo"
5457868,"SampleTag01","BD_demo"
5461320,"SampleTag01","BD_demo"
5462801,"SampleTag01","BD_demo"
5464730,"SampleTag01","BD_demo"
5464782,"SampleTag01","BD_demo"
5467408,"SampleTag01","BD_demo"
5467778,"SampleTag01","BD_demo"
5468204,"SampleTag01","BD_demo"
5468929,"SampleTag01","BD_demo"
5469734,"SampleTag01","BD_demo"
5471635,"SampleTag01","BD_demo"
5472783,"SampleTag01","BD_demo"
5473612,"SampleTag01","BD_demo"
5477813,"SampleTag01","BD_demo"
5477814,"SampleTag01","BD_demo"
5478586,"SampleTag01","BD_demo"
5478606,"SampleTag01","BD_demo"
5478918,"SampleTag01","BD_demo"
5480092,"SampleTag01","BD_demo"
5480892,"SampleTag01","BD_demo"
5482458,"SampleTag01","BD_demo"
5483925,"SampleTag01","BD_demo"
5485487,"SampleTag01","BD_demo"
5486303,"SampleTag01","BD_demo"
5487010,"SampleTag01","BD_demo"
5487456,"SampleTag01","BD_demo"
5488129,"SampleTag01","BD_demo"
5488587,"SampleTag01","BD_demo"
5490138,"SampleTag01","BD_demo"
5603714,"SampleTag01","BD_demo"
5604167,"SampleTag01","BD_demo"
5604551,"SampleTag01","BD_demo"
5607937,"SampleTag01","BD_demo"
5607982,"SampleTag01","BD_demo"
5610301,"SampleTag01","BD_demo"
5611040,"SampleTag01","BD_demo"
5611825,"SampleTag01","BD_demo"
5612605,"SampleTag01","BD_demo"
5613366,"SampleTag01","BD_demo"
5614933,"SampleTag01","BD_demo"
5615673,"SampleTag01","BD_demo"
5616447,"SampleTag01","BD_demo"
5616815,"SampleTag01","BD_demo"
5617560,"SampleTag01","BD_demo"
5619082,"SampleTag01","BD_demo"
5619529,"SampleTag01","BD_demo"
5621768,"SampleTag01","BD_demo"
5622563,"SampleTag01","BD_demo"
5622945,"SampleTag01","BD_demo"
5625302,"SampleTag01","BD_demo"
5626044,"SampleTag01","BD_demo"
5628373,"SampleTag01","BD_demo"
5629478,"SampleTag01","BD_demo"
5631449,"SampleTag01","BD_demo"
5633317,"SampleTag01","BD_demo"
5633325,"SampleTag01","BD_demo"
5634477,"SampleTag01","BD_demo"
5639095,"SampleTag01","BD_demo"
5639126,"SampleTag01","BD_demo"
5751576,"SampleTag01","BD_demo"
5756567,"SampleTag01","BD_demo"
5758115,"SampleTag01","BD_demo"
5760772,"SampleTag01","BD_demo"
5761166,"SampleTag01","BD_demo"
5761193,"SampleTag01","BD_demo"
5761590,"SampleTag01","BD_demo"
5763159,"SampleTag01","BD_demo"
5764293,"SampleTag01","BD_demo"
5765447,"SampleTag01","BD_demo"
5766543,"SampleTag01","BD_demo"
5766600,"SampleTag01","BD_demo"
5768096,"SampleTag01","BD_demo"
5769242,"SampleTag01","BD_demo"
5770831,"SampleTag01","BD_demo"
5771541,"SampleTag01","BD_demo"
5774249,"SampleTag01","BD_demo"
5774649,"SampleTag01","BD_demo"
5775045,"SampleTag01","BD_demo"
5776221,"SampleTag01","BD_demo"
5777704,"SampleTag01","BD_demo"
5778484,"SampleTag01","BD_demo"
5780741,"SampleTag01","BD_demo"
5783453,"SampleTag01","BD_demo"
5784256,"SampleTag01","BD_demo"
5898260,"SampleTag01","BD_demo"
5899046,"SampleTag01","BD_demo"
5899801,"SampleTag01","BD_demo"
5900168,"SampleTag01","BD_demo"
5900586,"SampleTag01","BD_demo"
5901772,"SampleTag01","BD_demo"
5902103,"SampleTag01","BD_demo"
5904005,"SampleTag01","BD_demo"
5904071,"SampleTag01","BD_demo"
5904390,"SampleTag01","BD_demo"
5905926,"SampleTag01","BD_demo"
5906755,"SampleTag01","BD_demo"
5909443,"SampleTag01","BD_demo"
5912071,"SampleTag01","BD_demo"
5913628,"SampleTag01","BD_demo"
5914035,"SampleTag01","BD_demo"
5915580,"SampleTag01","BD_demo"
5916343,"SampleTag01","BD_demo"
5920584,"SampleTag01","BD_demo"
5921736,"SampleTag01","BD_demo"
5922495,"SampleTag01","BD_demo"
5923644,"SampleTag01","BD_demo"
5924829,"SampleTag01","BD_demo"
5925145,"SampleTag01","BD_demo"
5925192,"SampleTag01","BD_demo"
5927510,"SampleTag01","BD_demo"
5927869,"SampleTag01","BD_demo"
5931308,"SampleTag01","BD_demo"
5932057,"SampleTag01","BD_demo"
6046122,"SampleTag01","BD_demo"
6048004,"SampleTag01","BD_demo"
6049195,"SampleTag01","BD_demo"
6049966,"SampleTag01","BD_demo"
6050752,"SampleTag01","BD_demo"
6051497,"SampleTag01","BD_demo"
6052271,"SampleTag01","BD_demo"
6053818,"SampleTag01","BD_demo"
6054960,"SampleTag01","BD_demo"
6055350,"SampleTag01","BD_demo"
6056896,"SampleTag01","BD_demo"
6058816,"SampleTag01","BD_demo"
6063385,"SampleTag01","BD_demo"
6065734,"SampleTag01","BD_demo"
6068393,"SampleTag01","BD_demo"
6068438,"SampleTag01","BD_demo"
6070719,"SampleTag01","BD_demo"
6071090,"SampleTag01","BD_demo"
6074155,"SampleTag01","BD_demo"
6077215,"SampleTag01","BD_demo"
6079162,"SampleTag01","BD_demo"
6193190,"SampleTag01","BD_demo"
6193607,"SampleTag01","BD_demo"
6193944,"SampleTag01","BD_demo"
6195162,"SampleTag01","BD_demo"
6195468,"SampleTag01","BD_demo"
6195480,"SampleTag01","BD_demo"
6197770,"SampleTag01","BD_demo"
6197798,"SampleTag01","BD_demo"
6200118,"SampleTag01","BD_demo"
6200835,"SampleTag01","BD_demo"
6201294,"SampleTag01","BD_demo"
6201616,"SampleTag01","BD_demo"
6202073,"SampleTag01","BD_demo"
6202833,"SampleTag01","BD_demo"
6203930,"SampleTag01","BD_demo"
6204376,"SampleTag01","BD_demo"
6206212,"SampleTag01","BD_demo"
6209693,"SampleTag01","BD_demo"
6210085,"SampleTag01","BD_demo"
6214306,"SampleTag01","BD_demo"
6215091,"SampleTag01","BD_demo"
6218160,"SampleTag01","BD_demo"
6222376,"SampleTag01","BD_demo"
6223560,"SampleTag01","BD_demo"
6224273,"SampleTag01","BD_demo"
6225842,"SampleTag01","BD_demo"
6226576,"SampleTag01","BD_demo"
6227395,"SampleTag01","BD_demo"
6228489,"SampleTag01","BD_demo"
6229277,"SampleTag01","BD_demo"
6341407,"SampleTag01","BD_demo"
6342176,"SampleTag01","BD_demo"
6343307,"SampleTag01","BD_demo"
6343365,"SampleTag01","BD_demo"
6343379,"SampleTag01","BD_demo"
6344839,"SampleTag01","BD_demo"
6345218,"SampleTag01","BD_demo"
6347186,"SampleTag01","BD_demo"
6352517,"SampleTag01","BD_demo"
6353371,"SampleTag01","BD_demo"
6353717,"SampleTag01","BD_demo"
6353726,"SampleTag01","BD_demo"
6354856,"SampleTag01","BD_demo"
6354896,"SampleTag01","BD_demo"
6356058,"SampleTag01","BD_demo"
6357136,"SampleTag01","BD_demo"
6357894,"SampleTag01","BD_demo"
6358358,"SampleTag01","BD_demo"
6358737,"SampleTag01","BD_demo"
6361380,"SampleTag01","BD_demo"
6361752,"SampleTag01","BD_demo"
6361799,"SampleTag01","BD_demo"
6362909,"SampleTag01","BD_demo"
6362948,"SampleTag01","BD_demo"
6363714,"SampleTag01","BD_demo"
6365275,"SampleTag01","BD_demo"
6367888,"SampleTag01","BD_demo"
6367923,"SampleTag01","BD_demo"
6367965,"SampleTag01","BD_demo"
6368295,"SampleTag01","BD_demo"
6368690,"SampleTag01","BD_demo"
6370194,"SampleTag01","BD_demo"
6370247,"SampleTag01","BD_demo"
6370266,"SampleTag01","BD_demo"
6371799,"SampleTag01","BD_demo"
6372130,"SampleTag01","BD_demo"
6373272,"SampleTag01","BD_demo"
6488914,"SampleTag01","BD_demo"
6489309,"SampleTag01","BD_demo"
6490025,"SampleTag01","BD_demo"
6491966,"SampleTag01","BD_demo"
6492366,"SampleTag01","BD_demo"
6493102,"SampleTag01","BD_demo"
6493853,"SampleTag01","BD_demo"
6494263,"SampleTag01","BD_demo"
6494606,"SampleTag01","BD_demo"
6494637,"SampleTag01","BD_demo"
6496981,"SampleTag01","BD_demo"
6497305,"SampleTag01","BD_demo"
6500771,"SampleTag01","BD_demo"
6503468,"SampleTag01","BD_demo"
6503893,"SampleTag01","BD_demo"
6504244,"SampleTag01","BD_demo"
6507282,"SampleTag01","BD_demo"
6508506,"SampleTag01","BD_demo"
6510348,"SampleTag01","BD_demo"
6510431,"SampleTag01","BD_demo"
6510750,"SampleTag01","BD_demo"
6513490,"SampleTag01","BD_demo"
6515030,"SampleTag01","BD_demo"
6515387,"SampleTag01","BD_demo"
6517274,"SampleTag01","BD_demo"
6519248,"SampleTag01","BD_demo"
6520395,"SampleTag01","BD_demo"
6521933,"SampleTag01","BD_demo"
6635911,"SampleTag01","BD_demo"
6636319,"SampleTag01","BD_demo"
6636363,"SampleTag01","BD_demo"
6638998,"SampleTag01","BD_demo"
6639754,"SampleTag01","BD_demo"
6640529,"SampleTag01","BD_demo"
6640951,"SampleTag01","BD_demo"
6643201,"SampleTag01","BD_demo"
6645967,"SampleTag01","BD_demo"
6648653,"SampleTag01","BD_demo"
6649785,"SampleTag01","BD_demo"
6650181,"SampleTag01","BD_demo"
6650936,"SampleTag01","BD_demo"
6651707,"SampleTag01","BD_demo"
6652468,"SampleTag01","BD_demo"
6655173,"SampleTag01","BD_demo"
6655896,"SampleTag01","BD_demo"
6656280,"SampleTag01","BD_demo"
6656295,"SampleTag01","BD_demo"
6656332,"SampleTag01","BD_demo"
6656695,"SampleTag01","BD_demo"
6658244,"SampleTag01","BD_demo"
6661728,"SampleTag01","BD_demo"
6663570,"SampleTag01","BD_demo"
6663642,"SampleTag01","BD_demo"
6663940,"SampleTag01","BD_demo"
6663957,"SampleTag01","BD_demo"
6665544,"SampleTag01","BD_demo"
6667089,"SampleTag01","BD_demo"
6667409,"SampleTag01","BD_demo"
6668557,"SampleTag01","BD_demo"
6670123,"SampleTag01","BD_demo"
6784216,"SampleTag01","BD_demo"
6784970,"SampleTag01","BD_demo"
6786434,"SampleTag01","BD_demo"
6786834,"SampleTag01","BD_demo"
6787648,"SampleTag01","BD_demo"
6788374,"SampleTag01","BD_demo"
6791428,"SampleTag01","BD_demo"
6792265,"SampleTag01","BD_demo"
6796056,"SampleTag01","BD_demo"
6801060,"SampleTag01","BD_demo"
6801464,"SampleTag01","BD_demo"
6802196,"SampleTag01","BD_demo"
6804133,"SampleTag01","BD_demo"
6804529,"SampleTag01","BD_demo"
6806041,"SampleTag01","BD_demo"
6807985,"SampleTag01","BD_demo"
6809105,"SampleTag01","BD_demo"
6809926,"SampleTag01","BD_demo"
6810304,"SampleTag01","BD_demo"
6814526,"SampleTag01","BD_demo"
6817163,"SampleTag01","BD_demo"
6932755,"SampleTag01","BD_demo"
6934661,"SampleTag01","BD_demo"
6939709,"SampleTag01","BD_demo"
6940890,"SampleTag01","BD_demo"
6941661,"SampleTag01","BD_demo"
6942403,"SampleTag01","BD_demo"
6943119,"SampleTag01","BD_demo"
6943145,"SampleTag01","BD_demo"
6944657,"SampleTag01","BD_demo"
6945490,"SampleTag01","BD_demo"
6946217,"SampleTag01","BD_demo"
6948522,"SampleTag01","BD_demo"
6948556,"SampleTag01","BD_demo"
6949272,"SampleTag01","BD_demo"
6949284,"SampleTag01","BD_demo"
6950424,"SampleTag01","BD_demo"
6951239,"SampleTag01","BD_demo"
6951999,"SampleTag01","BD_demo"
6952009,"SampleTag01","BD_demo"
6952338,"SampleTag01","BD_demo"
6953555,"SampleTag01","BD_demo"
6954696,"SampleTag01","BD_demo"
6957357,"SampleTag01","BD_demo"
6958119,"SampleTag01","BD_demo"
6958169,"SampleTag01","BD_demo"
6959258,"SampleTag01","BD_demo"
6960466,"SampleTag01","BD_demo"
6962773,"SampleTag01","BD_demo"
6963137,"SampleTag01","BD_demo"
6964250,"SampleTag01","BD_demo"
7080585,"SampleTag01","BD_demo"
7080590,"SampleTag01","BD_demo"
7082540,"SampleTag01","BD_demo"
7082974,"SampleTag01","BD_demo"
7083279,"SampleTag01","BD_demo"
7084421,"SampleTag01","BD_demo"
7085232,"SampleTag01","BD_demo"
7086380,"SampleTag01","BD_demo"
7089085,"SampleTag01","BD_demo"
7090638,"SampleTag01","BD_demo"
7092173,"SampleTag01","BD_demo"
7093726,"SampleTag01","BD_demo"
7094060,"SampleTag01","BD_demo"
7095221,"SampleTag01","BD_demo"
7096343,"SampleTag01","BD_demo"
7100230,"SampleTag01","BD_demo"
7100945,"SampleTag01","BD_demo"
7101328,"SampleTag01","BD_demo"
7103307,"SampleTag01","BD_demo"
7103649,"SampleTag01","BD_demo"
7104458,"SampleTag01","BD_demo"
7105572,"SampleTag01","BD_demo"
7110151,"SampleTag01","BD_demo"
7111771,"SampleTag01","BD_demo"
7114065,"SampleTag01","BD_demo"
7226122,"SampleTag01","BD_demo"
7227348,"SampleTag01","BD_demo"
7231923,"SampleTag01","BD_demo"
7233794,"SampleTag01","BD_demo"
7233880,"SampleTag01","BD_demo"
7235728,"SampleTag01","BD_demo"
7236100,"SampleTag01","BD_demo"
7237677,"SampleTag01","BD_demo"
7237686,"SampleTag01","BD_demo"
7238440,"SampleTag01","BD_demo"
7238859,"SampleTag01","BD_demo"
7240750,"SampleTag01","BD_demo"
7242689,"SampleTag01","BD_demo"
7243025,"SampleTag01","BD_demo"
7244593,"SampleTag01","BD_demo"
7245004,"SampleTag01","BD_demo"
7245335,"SampleTag01","BD_demo"
7246890,"SampleTag01","BD_demo"
7247662,"SampleTag01","BD_demo"
7248784,"SampleTag01","BD_demo"
7253000,"SampleTag01","BD_demo"
7253397,"SampleTag01","BD_demo"
7254150,"SampleTag01","BD_demo"
7257668,"SampleTag01","BD_demo"
7257693,"SampleTag01","BD_demo"
7258421,"SampleTag01","BD_demo"
7258460,"SampleTag01","BD_demo"
7258786,"SampleTag01","BD_demo"
7373591,"SampleTag01","BD_demo"
7374393,"SampleTag01","BD_demo"
7380571,"SampleTag01","BD_demo"
7382082,"SampleTag01","BD_demo"
7382808,"SampleTag01","BD_demo"
7383240,"SampleTag01","BD_demo"
7383595,"SampleTag01","BD_demo"
7387461,"SampleTag01","BD_demo"
7388228,"SampleTag01","BD_demo"
7389330,"SampleTag01","BD_demo"
7390861,"SampleTag01","BD_demo"
7391260,"SampleTag01","BD_demo"
7392024,"SampleTag01","BD_demo"
7392396,"SampleTag01","BD_demo"
7392439,"SampleTag01","BD_demo"
7393156,"SampleTag01","BD_demo"
7393158,"SampleTag01","BD_demo"
7393943,"SampleTag01","BD_demo"
7393976,"SampleTag01","BD_demo"
7395504,"SampleTag01","BD_demo"
7396671,"SampleTag01","BD_demo"
7397066,"SampleTag01","BD_demo"
7399385,"SampleTag01","BD_demo"
7399721,"SampleTag01","BD_demo"
7402048,"SampleTag01","BD_demo"
7402755,"SampleTag01","BD_demo"
7402758,"SampleTag01","BD_demo"
7402811,"SampleTag01","BD_demo"
7405842,"SampleTag01","BD_demo"
7406615,"SampleTag01","BD_demo"
7406661,"SampleTag01","BD_demo"
7407023,"SampleTag01","BD_demo"
7408992,"SampleTag01","BD_demo"
7521877,"SampleTag01","BD_demo"
7522620,"SampleTag01","BD_demo"
7526487,"SampleTag01","BD_demo"
7527184,"SampleTag01","BD_demo"
7527223,"SampleTag01","BD_demo"
7528012,"SampleTag01","BD_demo"
7529109,"SampleTag01","BD_demo"
7529879,"SampleTag01","BD_demo"
7531820,"SampleTag01","BD_demo"
7533710,"SampleTag01","BD_demo"
7536844,"SampleTag01","BD_demo"
7538363,"SampleTag01","BD_demo"
7539850,"SampleTag01","BD_demo"
7540277,"SampleTag01","BD_demo"
7544476,"SampleTag01","BD_demo"
7544835,"SampleTag01","BD_demo"
7545286,"SampleTag01","BD_demo"
7546068,"SampleTag01","BD_demo"
7546766,"SampleTag01","BD_demo"
7547177,"SampleTag01","BD_demo"
7547964,"SampleTag01","BD_demo"
7547995,"SampleTag01","BD_demo"
7550671,"SampleTag01","BD_demo"
7551782,"SampleTag01","BD_demo"
7551809,"SampleTag01","BD_demo"
7553716,"SampleTag01","BD_demo"
7554500,"SampleTag01","BD_demo"
7556009,"SampleTag01","BD_demo"
7672348,"SampleTag01","BD_demo"
7673097,"SampleTag01","BD_demo"
7673559,"SampleTag01","BD_demo"
7674648,"SampleTag01","BD_demo"
7675863,"SampleTag01","BD_demo"
7676187,"SampleTag01","BD_demo"
7676196,"SampleTag01","BD_demo"
7676956,"SampleTag01","BD_demo"
7677009,"SampleTag01","BD_demo"
7678158,"SampleTag01","BD_demo"
7678485,"SampleTag01","BD_demo"
7678528,"SampleTag01","BD_demo"
7678898,"SampleTag01","BD_demo"
7679653,"SampleTag01","BD_demo"
7681588,"SampleTag01","BD_demo"
7682314,"SampleTag01","BD_demo"
7683479,"SampleTag01","BD_demo"
7685073,"SampleTag01","BD_demo"
7686214,"SampleTag01","BD_demo"
7686559,"SampleTag01","BD_demo"
7686932,"SampleTag01","BD_demo"
7690405,"SampleTag01","BD_demo"
7690416,"SampleTag01","BD_demo"
7693474,"SampleTag01","BD_demo"
7694255,"SampleTag01","BD_demo"
7695038,"SampleTag01","BD_demo"
7696551,"SampleTag01","BD_demo"
7696565,"SampleTag01","BD_demo"
7698870,"SampleTag01","BD_demo"
7700748,"SampleTag01","BD_demo"
7703839,"SampleTag01","BD_demo"
7816011,"SampleTag01","BD_demo"
7816354,"SampleTag01","BD_demo"
7817914,"SampleTag01","BD_demo"
7820239,"SampleTag01","BD_demo"
7820607,"SampleTag01","BD_demo"
7821315,"SampleTag01","BD_demo"
7822547,"SampleTag01","BD_demo"
7822916,"SampleTag01","BD_demo"
7826343,"SampleTag01","BD_demo"
7827905,"SampleTag01","BD_demo"
7828255,"SampleTag01","BD_demo"
7831319,"SampleTag01","BD_demo"
7832107,"SampleTag01","BD_demo"
7834015,"SampleTag01","BD_demo"
7834393,"SampleTag01","BD_demo"
7834420,"SampleTag01","BD_demo"
7835935,"SampleTag01","BD_demo"
7836369,"SampleTag01","BD_demo"
7837070,"SampleTag01","BD_demo"
7838624,"SampleTag01","BD_demo"
7838984,"SampleTag01","BD_demo"
7840940,"SampleTag01","BD_demo"
7843618,"SampleTag01","BD_demo"
7846658,"SampleTag01","BD_demo"
7847881,"SampleTag01","BD_demo"
7848981,"SampleTag01","BD_demo"
7849381,"SampleTag01","BD_demo"
7850144,"SampleTag01","BD_demo"
7850900,"SampleTag01","BD_demo"
7851684,"SampleTag01","BD_demo"
7851692,"SampleTag01","BD_demo"
7963027,"SampleTag01","BD_demo"
7963811,"SampleTag01","BD_demo"
7968045,"SampleTag01","BD_demo"
7968786,"SampleTag01","BD_demo"
7969238,"SampleTag01","BD_demo"
7970721,"SampleTag01","BD_demo"
7972704,"SampleTag01","BD_demo"
7973834,"SampleTag01","BD_demo"
7977641,"SampleTag01","BD_demo"
7979608,"SampleTag01","BD_demo"
7979929,"SampleTag01","BD_demo"
7981891,"SampleTag01","BD_demo"
7982220,"SampleTag01","BD_demo"
7982239,"SampleTag01","BD_demo"
7987283,"SampleTag01","BD_demo"
7990727,"SampleTag01","BD_demo"
7991442,"SampleTag01","BD_demo"
7994891,"SampleTag01","BD_demo"
7994903,"SampleTag01","BD_demo"
7995709,"SampleTag01","BD_demo"
7999142,"SampleTag01","BD_demo"
8110151,"SampleTag01","BD_demo"
8110899,"SampleTag01","BD_demo"
8112078,"SampleTag01","BD_demo"
8113584,"SampleTag01","BD_demo"
8113599,"SampleTag01","BD_demo"
8115094,"SampleTag01","BD_demo"
8115920,"SampleTag01","BD_demo"
8117020,"SampleTag01","BD_demo"
8117805,"SampleTag01","BD_demo"
8119706,"SampleTag01","BD_demo"
8120877,"SampleTag01","BD_demo"
8121287,"SampleTag01","BD_demo"
8121660,"SampleTag01","BD_demo"
8123182,"SampleTag01","BD_demo"
8123568,"SampleTag01","BD_demo"
8125097,"SampleTag01","BD_demo"
8128574,"SampleTag01","BD_demo"
8131613,"SampleTag01","BD_demo"
8132360,"SampleTag01","BD_demo"
8132412,"SampleTag01","BD_demo"
8132743,"SampleTag01","BD_demo"
8132755,"SampleTag01","BD_demo"
8132802,"SampleTag01","BD_demo"
8132812,"SampleTag01","BD_demo"
8133900,"SampleTag01","BD_demo"
8134732,"SampleTag01","BD_demo"
8135880,"SampleTag01","BD_demo"
8137047,"SampleTag01","BD_demo"
8137394,"SampleTag01","BD_demo"
8137440,"SampleTag01","BD_demo"
8139728,"SampleTag01","BD_demo"
8141585,"SampleTag01","BD_demo"
8142342,"SampleTag01","BD_demo"
8145488,"SampleTag01","BD_demo"
8258326,"SampleTag01","BD_demo"
8258742,"SampleTag01","BD_demo"
8260687,"SampleTag01","BD_demo"
8263311,"SampleTag01","BD_demo"
8263368,"SampleTag01","BD_demo"
8264499,"SampleTag01","BD_demo"
8264851,"SampleTag01","BD_demo"
8267164,"SampleTag01","BD_demo"
8272540,"SampleTag01","BD_demo"
8274446,"SampleTag01","BD_demo"
8274856,"SampleTag01","BD_demo"
8275981,"SampleTag01","BD_demo"
8276793,"SampleTag01","BD_demo"
8280584,"SampleTag01","BD_demo"
8280643,"SampleTag01","BD_demo"
8282535,"SampleTag01","BD_demo"
8285990,"SampleTag01","BD_demo"
8285999,"SampleTag01","BD_demo"
8286747,"SampleTag01","BD_demo"
8287534,"SampleTag01","BD_demo"
8288728,"SampleTag01","BD_demo"
8289111,"SampleTag01","BD_demo"
8290955,"SampleTag01","BD_demo"
8292190,"SampleTag01","BD_demo"
8292561,"SampleTag01","BD_demo"
8406574,"SampleTag01","BD_demo"
8407308,"SampleTag01","BD_demo"
8407314,"SampleTag01","BD_demo"
8407745,"SampleTag01","BD_demo"
8408511,"SampleTag01","BD_demo"
8408928,"SampleTag01","BD_demo"
8409673,"SampleTag01","BD_demo"
8410761,"SampleTag01","BD_demo"
8411141,"SampleTag01","BD_demo"
8413531,"SampleTag01","BD_demo"
8414263,"SampleTag01","BD_demo"
8416563,"SampleTag01","BD_demo"
8417363,"SampleTag01","BD_demo"
8418859,"SampleTag01","BD_demo"
8420042,"SampleTag01","BD_demo"
8424649,"SampleTag01","BD_demo"
8427340,"SampleTag01","BD_demo"
8429993,"SampleTag01","BD_demo"
8430010,"SampleTag01","BD_demo"
8430033,"SampleTag01","BD_demo"
8431119,"SampleTag01","BD_demo"
8431129,"SampleTag01","BD_demo"
8433445,"SampleTag01","BD_demo"
8433855,"SampleTag01","BD_demo"
8436158,"SampleTag01","BD_demo"
8436539,"SampleTag01","BD_demo"
8437257,"SampleTag01","BD_demo"
8438434,"SampleTag01","BD_demo"
8438479,"SampleTag01","BD_demo"
8439972,"SampleTag01","BD_demo"
8441132,"SampleTag01","BD_demo"
8441499,"SampleTag01","BD_demo"
8555526,"SampleTag01","BD_demo"
8556678,"SampleTag01","BD_demo"
8560908,"SampleTag01","BD_demo"
8562076,"SampleTag01","BD_demo"
8562144,"SampleTag01","BD_demo"
8565937,"SampleTag01","BD_demo"
8567088,"SampleTag01","BD_demo"
8568201,"SampleTag01","BD_demo"
8569766,"SampleTag01","BD_demo"
8569776,"SampleTag01","BD_demo"
8570559,"SampleTag01","BD_demo"
8570902,"SampleTag01","BD_demo"
8572107,"SampleTag01","BD_demo"
8572464,"SampleTag01","BD_demo"
8575134,"SampleTag01","BD_demo"
8575900,"SampleTag01","BD_demo"
8577888,"SampleTag01","BD_demo"
8582445,"SampleTag01","BD_demo"
8582450,"SampleTag01","BD_demo"
8585868,"SampleTag01","BD_demo"
8585890,"SampleTag01","BD_demo"
8585913,"SampleTag01","BD_demo"
8585951,"SampleTag01","BD_demo"
8587024,"SampleTag01","BD_demo"
8703761,"SampleTag01","BD_demo"
8704166,"SampleTag01","BD_demo"
8704581,"SampleTag01","BD_demo"
8706143,"SampleTag01","BD_demo"
8707649,"SampleTag01","BD_demo"
8709170,"SampleTag01","BD_demo"
8709918,"SampleTag01","BD_demo"
8709971,"SampleTag01","BD_demo"
8711448,"SampleTag01","BD_demo"
8711503,"SampleTag01","BD_demo"
8712579,"SampleTag01","BD_demo"
8712646,"SampleTag01","BD_demo"
8715306,"SampleTag01","BD_demo"
8716509,"SampleTag01","BD_demo"
8717240,"SampleTag01","BD_demo"
8717647,"SampleTag01","BD_demo"
8719121,"SampleTag01","BD_demo"
8721444,"SampleTag01","BD_demo"
8722613,"SampleTag01","BD_demo"
8724925,"SampleTag01","BD_demo"
8726033,"SampleTag01","BD_demo"
8729093,"SampleTag01","BD_demo"
8729097,"SampleTag01","BD_demo"
8729869,"SampleTag01","BD_demo"
8729881,"SampleTag01","BD_demo"
8731042,"SampleTag01","BD_demo"
8736008,"SampleTag01","BD_demo"
8848169,"SampleTag01","BD_demo"
8848929,"SampleTag01","BD_demo"
8849369,"SampleTag01","BD_demo"
8849707,"SampleTag01","BD_demo"
8850907,"SampleTag01","BD_demo"
8854751,"SampleTag01","BD_demo"
8855431,"SampleTag01","BD_demo"
8856213,"SampleTag01","BD_demo"
8857036,"SampleTag01","BD_demo"
8860102,"SampleTag01","BD_demo"
8861220,"SampleTag01","BD_demo"
8861639,"SampleTag01","BD_demo"
8862385,"SampleTag01","BD_demo"
8862765,"SampleTag01","BD_demo"
8863552,"SampleTag01","BD_demo"
8865436,"SampleTag01","BD_demo"
8869652,"SampleTag01","BD_demo"
8870099,"SampleTag01","BD_demo"
8870448,"SampleTag01","BD_demo"
8870850,"SampleTag01","BD_demo"
8872393,"SampleTag01","BD_demo"
8875410,"SampleTag01","BD_demo"
8878552,"SampleTag01","BD_demo"
8879245,"SampleTag01","BD_demo"
8880467,"SampleTag01","BD_demo"
8995248,"SampleTag01","BD_demo"
8995655,"SampleTag01","BD_demo"
8997191,"SampleTag01","BD_demo"
8998348,"SampleTag01","BD_demo"
8999444,"SampleTag01","BD_demo"
9000632,"SampleTag01","BD_demo"
9001775,"SampleTag01","BD_demo"
9002114,"SampleTag01","BD_demo"
9003730,"SampleTag01","BD_demo"
9004058,"SampleTag01","BD_demo"
9007126,"SampleTag01","BD_demo"
9008278,"SampleTag01","BD_demo"
9012499,"SampleTag01","BD_demo"
9013277,"SampleTag01","BD_demo"
9014037,"SampleTag01","BD_demo"
9014844,"SampleTag01","BD_demo"
9015171,"SampleTag01","BD_demo"
9015599,"SampleTag01","BD_demo"
9015615,"SampleTag01","BD_demo"
9018658,"SampleTag01","BD_demo"
9018684,"SampleTag01","BD_demo"
9018692,"SampleTag01","BD_demo"
9018704,"SampleTag01","BD_demo"
9019055,"SampleTag01","BD_demo"
9020254,"SampleTag01","BD_demo"
9021770,"SampleTag01","BD_demo"
9024769,"SampleTag01","BD_demo"
9026379,"SampleTag01","BD_demo"
9027136,"SampleTag01","BD_demo"
9027547,"SampleTag01","BD_demo"
9028313,"SampleTag01","BD_demo"
9142281,"SampleTag01","BD_demo"
9143836,"SampleTag01","BD_demo"
9143869,"SampleTag01","BD_demo"
9144201,"SampleTag01","BD_demo"
9145763,"SampleTag01","BD_demo"
9147689,"SampleTag01","BD_demo"
9149573,"SampleTag01","BD_demo"
9151109,"SampleTag01","BD_demo"
9152290,"SampleTag01","BD_demo"
9152701,"SampleTag01","BD_demo"
9153472,"SampleTag01","BD_demo"
9153837,"SampleTag01","BD_demo"
9154581,"SampleTag01","BD_demo"
9155034,"SampleTag01","BD_demo"
9156170,"SampleTag01","BD_demo"
9156866,"SampleTag01","BD_demo"
9156935,"SampleTag01","BD_demo"
9156949,"SampleTag01","BD_demo"
9157722,"SampleTag01","BD_demo"
9160725,"SampleTag01","BD_demo"
9163476,"SampleTag01","BD_demo"
9164556,"SampleTag01","BD_demo"
9169192,"SampleTag01","BD_demo"
9169247,"SampleTag01","BD_demo"
9170340,"SampleTag01","BD_demo"
9172311,"SampleTag01","BD_demo"
9173053,"SampleTag01","BD_demo"
9174214,"SampleTag01","BD_demo"
9174216,"SampleTag01","BD_demo"
9174975,"SampleTag01","BD_demo"
9176153,"SampleTag01","BD_demo"
9177280,"SampleTag01","BD_demo"
9178814,"SampleTag01","BD_demo"
9292465,"SampleTag01","BD_demo"
9293581,"SampleTag01","BD_demo"
9293611,"SampleTag01","BD_demo"
9293626,"SampleTag01","BD_demo"
9295915,"SampleTag01","BD_demo"
9296729,"SampleTag01","BD_demo"
9298963,"SampleTag01","BD_demo"
9298991,"SampleTag01","BD_demo"
9299713,"SampleTag01","BD_demo"
9299780,"SampleTag01","BD_demo"
9300526,"SampleTag01","BD_demo"
9302792,"SampleTag01","BD_demo"
9304342,"SampleTag01","BD_demo"
9304774,"SampleTag01","BD_demo"
9305127,"SampleTag01","BD_demo"
9305141,"SampleTag01","BD_demo"
9305491,"SampleTag01","BD_demo"
9306323,"SampleTag01","BD_demo"
9307047,"SampleTag01","BD_demo"
9307077,"SampleTag01","BD_demo"
9309394,"SampleTag01","BD_demo"
9312852,"SampleTag01","BD_demo"
9313959,"SampleTag01","BD_demo"
9314370,"SampleTag01","BD_demo"
9314746,"SampleTag01","BD_demo"
9315075,"SampleTag01","BD_demo"
9315513,"SampleTag01","BD_demo"
9317032,"SampleTag01","BD_demo"
9317062,"SampleTag01","BD_demo"
9317409,"SampleTag01","BD_demo"
9318913,"SampleTag01","BD_demo"
9320090,"SampleTag01","BD_demo"
9320838,"SampleTag01","BD_demo"
9321275,"SampleTag01","BD_demo"
9325513,"SampleTag01","BD_demo"
9438736,"SampleTag01","BD_demo"
9439937,"SampleTag01","BD_demo"
9440326,"SampleTag01","BD_demo"
9441098,"SampleTag01","BD_demo"
9442251,"SampleTag01","BD_demo"
9444557,"SampleTag01","BD_demo"
9446403,"SampleTag01","BD_demo"
9449533,"SampleTag01","BD_demo"
9449858,"SampleTag01","BD_demo"
9451056,"SampleTag01","BD_demo"
9451408,"SampleTag01","BD_demo"
9453407,"SampleTag01","BD_demo"
9454172,"SampleTag01","BD_demo"
9454510,"SampleTag01","BD_demo"
9457558,"SampleTag01","BD_demo"
9457958,"SampleTag01","BD_demo"
9457989,"SampleTag01","BD_demo"
9459156,"SampleTag01","BD_demo"
9460226,"SampleTag01","BD_demo"
9465683,"SampleTag01","BD_demo"
9469062,"SampleTag01","BD_demo"
9469483,"SampleTag01","BD_demo"
9470300,"SampleTag01","BD_demo"
9470674,"SampleTag01","BD_demo"
9471792,"SampleTag01","BD_demo"
9472540,"SampleTag01","BD_demo"
9584692,"SampleTag01","BD_demo"
9587034,"SampleTag01","BD_demo"
9587714,"SampleTag01","BD_demo"
9588151,"SampleTag01","BD_demo"
9588870,"SampleTag01","BD_demo"
9588897,"SampleTag01","BD_demo"
9588922,"SampleTag01","BD_demo"
9589643,"SampleTag01","BD_demo"
9590468,"SampleTag01","BD_demo"
9591230,"SampleTag01","BD_demo"
9591566,"SampleTag01","BD_demo"
9592330,"SampleTag01","BD_demo"
9592406,"SampleTag01","BD_demo"
9596555,"SampleTag01","BD_demo"
9597314,"SampleTag01","BD_demo"
9599291,"SampleTag01","BD_demo"
9599656,"SampleTag01","BD_demo"
9601153,"SampleTag01","BD_demo"
9603163,"SampleTag01","BD_demo"
9603933,"SampleTag01","BD_demo"
9604300,"SampleTag01","BD_demo"
9605844,"SampleTag01","BD_demo"
9608154,"SampleTag01","BD_demo"
9608462,"SampleTag01","BD_demo"
9610436,"SampleTag01","BD_demo"
9612342,"SampleTag01","BD_demo"
9614619,"SampleTag01","BD_demo"
9614630,"SampleTag01","BD_demo"
9617294,"SampleTag01","BD_demo"
9619588,"SampleTag01","BD_demo"
9621216,"SampleTag01","BD_demo"
9732105,"SampleTag01","BD_demo"
9732567,"SampleTag01","BD_demo"
9734055,"SampleTag01","BD_demo"
9734108,"SampleTag01","BD_demo"
9734789,"SampleTag01","BD_demo"
9734866,"SampleTag01","BD_demo"
9735244,"SampleTag01","BD_demo"
9738292,"SampleTag01","BD_demo"
9738649,"SampleTag01","BD_demo"
9739444,"SampleTag01","BD_demo"
9740579,"SampleTag01","BD_demo"
9743684,"SampleTag01","BD_demo"
9745234,"SampleTag01","BD_demo"
9746015,"SampleTag01","BD_demo"
9747504,"SampleTag01","BD_demo"
9747869,"SampleTag01","BD_demo"
9747909,"SampleTag01","BD_demo"
9749010,"SampleTag01","BD_demo"
9752127,"SampleTag01","BD_demo"
9752149,"SampleTag01","BD_demo"
9754048,"SampleTag01","BD_demo"
9755608,"SampleTag01","BD_demo"
9757102,"SampleTag01","BD_demo"
9757899,"SampleTag01","BD_demo"
9758986,"SampleTag01","BD_demo"
9759040,"SampleTag01","BD_demo"
9759837,"SampleTag01","BD_demo"
9760606,"SampleTag01","BD_demo"
9760988,"SampleTag01","BD_demo"
9766672,"SampleTag01","BD_demo"
9767855,"SampleTag01","BD_demo"
9768205,"SampleTag01","BD_demo"
9885350,"SampleTag01","BD_demo"
9886124,"SampleTag01","BD_demo"
9886850,"SampleTag01","BD_demo"
9889945,"SampleTag01","BD_demo"
9891873,"SampleTag01","BD_demo"
9893402,"SampleTag01","BD_demo"
9893461,"SampleTag01","BD_demo"
9893782,"SampleTag01","BD_demo"
9894947,"SampleTag01","BD_demo"
9895004,"SampleTag01","BD_demo"
9895368,"SampleTag01","BD_demo"
9897285,"SampleTag01","BD_demo"
9897993,"SampleTag01","BD_demo"
9901913,"SampleTag01","BD_demo"
9904539,"SampleTag01","BD_demo"
9906488,"SampleTag01","BD_demo"
9906853,"SampleTag01","BD_demo"
9907263,"SampleTag01","BD_demo"
9908035,"SampleTag01","BD_demo"
9909589,"SampleTag01","BD_demo"
9913807,"SampleTag01","BD_demo"
9914548,"SampleTag01","BD_demo"
9916035,"SampleTag01","BD_demo"
10029315,"SampleTag01","BD_demo"
10031625,"SampleTag01","BD_demo"
10031676,"SampleTag01","BD_demo"
10033982,"SampleTag01","BD_demo"
10034349,"SampleTag01","BD_demo"
10036281,"SampleTag01","BD_demo"
10037470,"SampleTag01","BD_demo"
10038529,"SampleTag01","BD_demo"
10039687,"SampleTag01","BD_demo"
10039704,"SampleTag01","BD_demo"
10042012,"SampleTag01","BD_demo"
10043538,"SampleTag01","BD_demo"
10043563,"SampleTag01","BD_demo"
10043949,"SampleTag01","BD_demo"
10045113,"SampleTag01","BD_demo"
10046653,"SampleTag01","BD_demo"
10046681,"SampleTag01","BD_demo"
10047063,"SampleTag01","BD_demo"
10050049,"SampleTag01","BD_demo"
10052437,"SampleTag01","BD_demo"
10052776,"SampleTag01","BD_demo"
10054368,"SampleTag01","BD_demo"
10056598,"SampleTag01","BD_demo"
10057748,"SampleTag01","BD_demo"
10060887,"SampleTag01","BD_demo"
10062747,"SampleTag01","BD_demo"
10063544,"SampleTag01","BD_demo"
10174860,"SampleTag01","BD_demo"
10176832,"SampleTag01","BD_demo"
10178340,"SampleTag01","BD_demo"
10178395,"SampleTag01","BD_demo"
10180246,"SampleTag01","BD_demo"
10182534,"SampleTag01","BD_demo"
10182970,"SampleTag01","BD_demo"
10184467,"SampleTag01","BD_demo"
10187183,"SampleTag01","BD_demo"
10193354,"SampleTag01","BD_demo"
10195995,"SampleTag01","BD_demo"
10201007,"SampleTag01","BD_demo"
10204455,"SampleTag01","BD_demo"
10207125,"SampleTag01","BD_demo"
10208306,"SampleTag01","BD_demo"
10210562,"SampleTag01","BD_demo"
10210615,"SampleTag01","BD_demo"
10323166,"SampleTag01","BD_demo"
10323933,"SampleTag01","BD_demo"
10325409,"SampleTag01","BD_demo"
10329609,"SampleTag01","BD_demo"
10331163,"SampleTag01","BD_demo"
10333144,"SampleTag01","BD_demo"
10333903,"SampleTag01","BD_demo"
10334649,"SampleTag01","BD_demo"
10335769,"SampleTag01","BD_demo"
10338068,"SampleTag01","BD_demo"
10338487,"SampleTag01","BD_demo"
10338496,"SampleTag01","BD_demo"
10339663,"SampleTag01","BD_demo"
10340820,"SampleTag01","BD_demo"
10341942,"SampleTag01","BD_demo"
10342715,"SampleTag01","BD_demo"
10345752,"SampleTag01","BD_demo"
10346145,"SampleTag01","BD_demo"
10349238,"SampleTag01","BD_demo"
10351137,"SampleTag01","BD_demo"
10351966,"SampleTag01","BD_demo"
10352703,"SampleTag01","BD_demo"
10354985,"SampleTag01","BD_demo"
10355788,"SampleTag01","BD_demo"
10357333,"SampleTag01","BD_demo"
10358469,"SampleTag01","BD_demo"
10469422,"SampleTag01","BD_demo"
10469451,"SampleTag01","BD_demo"
10470152,"SampleTag01","BD_demo"
10471727,"SampleTag01","BD_demo"
10471747,"SampleTag01","BD_demo"
10472077,"SampleTag01","BD_demo"
10474405,"SampleTag01","BD_demo"
10474434,"SampleTag01","BD_demo"
10477088,"SampleTag01","BD_demo"
10479009,"SampleTag01","BD_demo"
10479407,"SampleTag01","BD_demo"
10479748,"SampleTag01","BD_demo"
10480207,"SampleTag01","BD_demo"
10480587,"SampleTag01","BD_demo"
10482823,"SampleTag01","BD_demo"
10483639,"SampleTag01","BD_demo"
10484375,"SampleTag01","BD_demo"
10485543,"SampleTag01","BD_demo"
10485573,"SampleTag01","BD_demo"
10487512,"SampleTag01","BD_demo"
10489350,"SampleTag01","BD_demo"
10490125,"SampleTag01","BD_demo"
10490535,"SampleTag01","BD_demo"
10492089,"SampleTag01","BD_demo"
10492871,"SampleTag01","BD_demo"
10493967,"SampleTag01","BD_demo"
10494388,"SampleTag01","BD_demo"
10496273,"SampleTag01","BD_demo"
10496342,"SampleTag01","BD_demo"
10497493,"SampleTag01","BD_demo"
10498266,"SampleTag01","BD_demo"
10505513,"SampleTag01","BD_demo"
10617259,"SampleTag01","BD_demo"
10618043,"SampleTag01","BD_demo"
10618787,"SampleTag01","BD_demo"
10621070,"SampleTag01","BD_demo"
10621090,"SampleTag01","BD_demo"
10622656,"SampleTag01","BD_demo"
10624944,"SampleTag01","BD_demo"
10624992,"SampleTag01","BD_demo"
10626059,"SampleTag01","BD_demo"
10626837,"SampleTag01","BD_demo"
10628392,"SampleTag01","BD_demo"
10630703,"SampleTag01","BD_demo"
10631505,"SampleTag01","BD_demo"
10633396,"SampleTag01","BD_demo"
10633733,"SampleTag01","BD_demo"
10634888,"SampleTag01","BD_demo"
10636843,"SampleTag01","BD_demo"
10637958,"SampleTag01","BD_demo"
10638043,"SampleTag01","BD_demo"
10641463,"SampleTag01","BD_demo"
10642193,"SampleTag01","BD_demo"
10644519,"SampleTag01","BD_demo"
10646413,"SampleTag01","BD_demo"
10647608,"SampleTag01","BD_demo"
10649098,"SampleTag01","BD_demo"
10649101,"SampleTag01","BD_demo"
10650634,"SampleTag01","BD_demo"
10651054,"SampleTag01","BD_demo"
10651794,"SampleTag01","BD_demo"
10652208,"SampleTag01","BD_demo"
10767452,"SampleTag01","BD_demo"
10768190,"SampleTag01","BD_demo"
10771614,"SampleTag01","BD_demo"
10774345,"SampleTag01","BD_demo"
10775060,"SampleTag01","BD_demo"
10775469,"SampleTag01","BD_demo"
10777013,"SampleTag01","BD_demo"
10778556,"SampleTag01","BD_demo"
10778590,"SampleTag01","BD_demo"
10781189,"SampleTag01","BD_demo"
10781620,"SampleTag01","BD_demo"
10782746,"SampleTag01","BD_demo"
10783931,"SampleTag01","BD_demo"
10784732,"SampleTag01","BD_demo"
10785471,"SampleTag01","BD_demo"
10785838,"SampleTag01","BD_demo"
10786209,"SampleTag01","BD_demo"
10788931,"SampleTag01","BD_demo"
10791244,"SampleTag01","BD_demo"
10792386,"SampleTag01","BD_demo"
10795444,"SampleTag01","BD_demo"
10796581,"SampleTag01","BD_demo"
10799690,"SampleTag01","BD_demo"
10913315,"SampleTag01","BD_demo"
10913340,"SampleTag01","BD_demo"
10914452,"SampleTag01","BD_demo"
10915224,"SampleTag01","BD_demo"
10916420,"SampleTag01","BD_demo"
10917153,"SampleTag01","BD_demo"
10920664,"SampleTag01","BD_demo"
10922540,"SampleTag01","BD_demo"
10922543,"SampleTag01","BD_demo"
10926409,"SampleTag01","BD_demo"
10926737,"SampleTag01","BD_demo"
10927493,"SampleTag01","BD_demo"
10929794,"SampleTag01","BD_demo"
10932904,"SampleTag01","BD_demo"
10933700,"SampleTag01","BD_demo"
10934445,"SampleTag01","BD_demo"
10934484,"SampleTag01","BD_demo"
10935208,"SampleTag01","BD_demo"
10936386,"SampleTag01","BD_demo"
10937478,"SampleTag01","BD_demo"
10938248,"SampleTag01","BD_demo"
10939441,"SampleTag01","BD_demo"
10940630,"SampleTag01","BD_demo"
10944010,"SampleTag01","BD_demo"
10944826,"SampleTag01","BD_demo"
10946007,"SampleTag01","BD_demo"
10947470,"SampleTag01","BD_demo"
11059201,"SampleTag01","BD_demo"
11060822,"SampleTag01","BD_demo"
11061533,"SampleTag01","BD_demo"
11063480,"SampleTag01","BD_demo"
11064985,"SampleTag01","BD_demo"
11068047,"SampleTag01","BD_demo"
11068469,"SampleTag01","BD_demo"
11068470,"SampleTag01","BD_demo"
11068831,"SampleTag01","BD_demo"
11069255,"SampleTag01","BD_demo"
11070384,"SampleTag01","BD_demo"
11070721,"SampleTag01","BD_demo"
11071156,"SampleTag01","BD_demo"
11071179,"SampleTag01","BD_demo"
11073119,"SampleTag01","BD_demo"
11073801,"SampleTag01","BD_demo"
11073846,"SampleTag01","BD_demo"
11074229,"SampleTag01","BD_demo"
11074648,"SampleTag01","BD_demo"
11075392,"SampleTag01","BD_demo"
11075714,"SampleTag01","BD_demo"
11076891,"SampleTag01","BD_demo"
11078093,"SampleTag01","BD_demo"
11080375,"SampleTag01","BD_demo"
11082324,"SampleTag01","BD_demo"
11082675,"SampleTag01","BD_demo"
11083077,"SampleTag01","BD_demo"
11083424,"SampleTag01","BD_demo"
11084638,"SampleTag01","BD_demo"
11085359,"SampleTag01","BD_demo"
11087261,"SampleTag01","BD_demo"
11087636,"SampleTag01","BD_demo"
11090743,"SampleTag01","BD_demo"
11092300,"SampleTag01","BD_demo"
11093388,"SampleTag01","BD_demo"
11093812,"SampleTag01","BD_demo"
11210570,"SampleTag01","BD_demo"
11213271,"SampleTag01","BD_demo"
11216278,"SampleTag01","BD_demo"
11216340,"SampleTag01","BD_demo"
11218260,"SampleTag01","BD_demo"
11219741,"SampleTag01","BD_demo"
11220943,"SampleTag01","BD_demo"
11222876,"SampleTag01","BD_demo"
11225109,"SampleTag01","BD_demo"
11225897,"SampleTag01","BD_demo"
11226654,"SampleTag01","BD_demo"
11228202,"SampleTag01","BD_demo"
11233204,"SampleTag01","BD_demo"
11233221,"SampleTag01","BD_demo"
11233246,"SampleTag01","BD_demo"
11235928,"SampleTag01","BD_demo"
11236299,"SampleTag01","BD_demo"
11240521,"SampleTag01","BD_demo"
11240894,"SampleTag01","BD_demo"
11241675,"SampleTag01","BD_demo"
11355270,"SampleTag01","BD_demo"
11358357,"SampleTag01","BD_demo"
11362632,"SampleTag01","BD_demo"
11364492,"SampleTag01","BD_demo"
11367222,"SampleTag01","BD_demo"
11367593,"SampleTag01","BD_demo"
11367960,"SampleTag01","BD_demo"
11369495,"SampleTag01","BD_demo"
11371083,"SampleTag01","BD_demo"
11371478,"SampleTag01","BD_demo"
11371787,"SampleTag01","BD_demo"
11371844,"SampleTag01","BD_demo"
11374128,"SampleTag01","BD_demo"
11374474,"SampleTag01","BD_demo"
11374524,"SampleTag01","BD_demo"
11376407,"SampleTag01","BD_demo"
11381811,"SampleTag01","BD_demo"
11382149,"SampleTag01","BD_demo"
11382531,"SampleTag01","BD_demo"
11382605,"SampleTag01","BD_demo"
11383310,"SampleTag01","BD_demo"
11384523,"SampleTag01","BD_demo"
11386422,"SampleTag01","BD_demo"
11386830,"SampleTag01","BD_demo"
11389078,"SampleTag01","BD_demo"
11389123,"SampleTag01","BD_demo"
11389826,"SampleTag01","BD_demo"
11501600,"SampleTag01","BD_demo"
11502412,"SampleTag01","BD_demo"
11503916,"SampleTag01","BD_demo"
11506619,"SampleTag01","BD_demo"
11506644,"SampleTag01","BD_demo"
11507004,"SampleTag01","BD_demo"
11507365,"SampleTag01","BD_demo"
11507802,"SampleTag01","BD_demo"
11509711,"SampleTag01","BD_demo"
11510032,"SampleTag01","BD_demo"
11510055,"SampleTag01","BD_demo"
11511171,"SampleTag01","BD_demo"
11512786,"SampleTag01","BD_demo"
11513519,"SampleTag01","BD_demo"
11513546,"SampleTag01","BD_demo"
11513564,"SampleTag01","BD_demo"
11513883,"SampleTag01","BD_demo"
11513948,"SampleTag01","BD_demo"
11514706,"SampleTag01","BD_demo"
11514718,"SampleTag01","BD_demo"
11515473,"SampleTag01","BD_demo"
11515842,"SampleTag01","BD_demo"
11517787,"SampleTag01","BD_demo"
11518176,"SampleTag01","BD_demo"
11519320,"SampleTag01","BD_demo"
11521191,"SampleTag01","BD_demo"
11522364,"SampleTag01","BD_demo"
11524288,"SampleTag01","BD_demo"
11530817,"SampleTag01","BD_demo"
11533498,"SampleTag01","BD_demo"
11534604,"SampleTag01","BD_demo"
11536587,"SampleTag01","BD_demo"
11652548,"SampleTag01","BD_demo"
11655179,"SampleTag01","BD_demo"
11656738,"SampleTag01","BD_demo"
11657868,"SampleTag01","BD_demo"
11660578,"SampleTag01","BD_demo"
11661371,"SampleTag01","BD_demo"
11662470,"SampleTag01","BD_demo"
11666691,"SampleTag01","BD_demo"
11666696,"SampleTag01","BD_demo"
11667107,"SampleTag01","BD_demo"
11667147,"SampleTag01","BD_demo"
11668312,"SampleTag01","BD_demo"
11670168,"SampleTag01","BD_demo"
11672501,"SampleTag01","BD_demo"
11674059,"SampleTag01","BD_demo"
11674848,"SampleTag01","BD_demo"
11675187,"SampleTag01","BD_demo"
11675216,"SampleTag01","BD_demo"
11675570,"SampleTag01","BD_demo"
11675960,"SampleTag01","BD_demo"
11676333,"SampleTag01","BD_demo"
11676377,"SampleTag01","BD_demo"
11676749,"SampleTag01","BD_demo"
11677831,"SampleTag01","BD_demo"
11678593,"SampleTag01","BD_demo"
11679377,"SampleTag01","BD_demo"
11679439,"SampleTag01","BD_demo"
11680970,"SampleTag01","BD_demo"
11682099,"SampleTag01","BD_demo"
11682819,"SampleTag01","BD_demo"
11683585,"SampleTag01","BD_demo"
11683602,"SampleTag01","BD_demo"
11800336,"SampleTag01","BD_demo"
11801868,"SampleTag01","BD_demo"
11802656,"SampleTag01","BD_demo"
11804178,"SampleTag01","BD_demo"
11804587,"SampleTag01","BD_demo"
11804630,"SampleTag01","BD_demo"
11809163,"SampleTag01","BD_demo"
11810735,"SampleTag01","BD_demo"
11811135,"SampleTag01","BD_demo"
11811149,"SampleTag01","BD_demo"
11813035,"SampleTag01","BD_demo"
11813835,"SampleTag01","BD_demo"
11814154,"SampleTag01","BD_demo"
11817293,"SampleTag01","BD_demo"
11817309,"SampleTag01","BD_demo"
11819149,"SampleTag01","BD_demo"
11819975,"SampleTag01","BD_demo"
11821465,"SampleTag01","BD_demo"
11822637,"SampleTag01","BD_demo"
11822675,"SampleTag01","BD_demo"
11823398,"SampleTag01","BD_demo"
11823433,"SampleTag01","BD_demo"
11823444,"SampleTag01","BD_demo"
11823802,"SampleTag01","BD_demo"
11824976,"SampleTag01","BD_demo"
11829574,"SampleTag01","BD_demo"
11831082,"SampleTag01","BD_demo"
11831852,"SampleTag01","BD_demo"
11832593,"SampleTag01","BD_demo"
11832656,"SampleTag01","BD_demo"
11947480,"SampleTag01","BD_demo"
11948990,"SampleTag01","BD_demo"
11950492,"SampleTag01","BD_demo"
11951300,"SampleTag01","BD_demo"
11951651,"SampleTag01","BD_demo"
11952039,"SampleTag01","BD_demo"
11954726,"SampleTag01","BD_demo"
11955136,"SampleTag01","BD_demo"
11956239,"SampleTag01","BD_demo"
11956246,"SampleTag01","BD_demo"
11964719,"SampleTag01","BD_demo"
11971206,"SampleTag01","BD_demo"
11971236,"SampleTag01","BD_demo"
11973172,"SampleTag01","BD_demo"
11976247,"SampleTag01","BD_demo"
11976672,"SampleTag01","BD_demo"
11978519,"SampleTag01","BD_demo"
11980486,"SampleTag01","BD_demo"
12091421,"SampleTag01","BD_demo"
12092957,"SampleTag01","BD_demo"
12093324,"SampleTag01","BD_demo"
12097538,"SampleTag01","BD_demo"
12097597,"SampleTag01","BD_demo"
12097996,"SampleTag01","BD_demo"
12098755,"SampleTag01","BD_demo"
12102174,"SampleTag01","BD_demo"
12102223,"SampleTag01","BD_demo"
12106010,"SampleTag01","BD_demo"
12109863,"SampleTag01","BD_demo"
12114888,"SampleTag01","BD_demo"
12115680,"SampleTag01","BD_demo"
12117136,"SampleTag01","BD_demo"
12117592,"SampleTag01","BD_demo"
12118281,"SampleTag01","BD_demo"
12121353,"SampleTag01","BD_demo"
12124814,"SampleTag01","BD_demo"
12238891,"SampleTag01","BD_demo"
12238932,"SampleTag01","BD_demo"
12240399,"SampleTag01","BD_demo"
12242381,"SampleTag01","BD_demo"
12243163,"SampleTag01","BD_demo"
12243885,"SampleTag01","BD_demo"
12244245,"SampleTag01","BD_demo"
12246223,"SampleTag01","BD_demo"
12248140,"SampleTag01","BD_demo"
12249242,"SampleTag01","BD_demo"
12249619,"SampleTag01","BD_demo"
12250075,"SampleTag01","BD_demo"
12250389,"SampleTag01","BD_demo"
12250759,"SampleTag01","BD_demo"
12252302,"SampleTag01","BD_demo"
12254273,"SampleTag01","BD_demo"
12257684,"SampleTag01","BD_demo"
12258470,"SampleTag01","BD_demo"
12258877,"SampleTag01","BD_demo"
12259254,"SampleTag01","BD_demo"
12260765,"SampleTag01","BD_demo"
12261192,"SampleTag01","BD_demo"
12261522,"SampleTag01","BD_demo"
12262734,"SampleTag01","BD_demo"
12263884,"SampleTag01","BD_demo"
12264286,"SampleTag01","BD_demo"
12264655,"SampleTag01","BD_demo"
12265799,"SampleTag01","BD_demo"
12266932,"SampleTag01","BD_demo"
12266939,"SampleTag01","BD_demo"
12268036,"SampleTag01","BD_demo"
12268838,"SampleTag01","BD_demo"
12269985,"SampleTag01","BD_demo"
12270371,"SampleTag01","BD_demo"
12271150,"SampleTag01","BD_demo"
12272689,"SampleTag01","BD_demo"
12274655,"SampleTag01","BD_demo"
12275408,"SampleTag01","BD_demo"
12387922,"SampleTag01","BD_demo"
12389065,"SampleTag01","BD_demo"
12392094,"SampleTag01","BD_demo"
12392143,"SampleTag01","BD_demo"
12392492,"SampleTag01","BD_demo"
12393307,"SampleTag01","BD_demo"
12393992,"SampleTag01","BD_demo"
12394457,"SampleTag01","BD_demo"
12395138,"SampleTag01","BD_demo"
12396295,"SampleTag01","BD_demo"
12396305,"SampleTag01","BD_demo"
12396314,"SampleTag01","BD_demo"
12396319,"SampleTag01","BD_demo"
12402466,"SampleTag01","BD_demo"
12403228,"SampleTag01","BD_demo"
12403640,"SampleTag01","BD_demo"
12404765,"SampleTag01","BD_demo"
12405552,"SampleTag01","BD_demo"
12407889,"SampleTag01","BD_demo"
12409415,"SampleTag01","BD_demo"
12410550,"SampleTag01","BD_demo"
12413264,"SampleTag01","BD_demo"
12413267,"SampleTag01","BD_demo"
12413585,"SampleTag01","BD_demo"
12414765,"SampleTag01","BD_demo"
12415960,"SampleTag01","BD_demo"
12415967,"SampleTag01","BD_demo"
12418236,"SampleTag01","BD_demo"
12420122,"SampleTag01","BD_demo"
12420126,"SampleTag01","BD_demo"
12420930,"SampleTag01","BD_demo"
12421682,"SampleTag01","BD_demo"
12422835,"SampleTag01","BD_demo"
12533841,"SampleTag01","BD_demo"
12534226,"SampleTag01","BD_demo"
12534559,"SampleTag01","BD_demo"
12536120,"SampleTag01","BD_demo"
12536871,"SampleTag01","BD_demo"
12538003,"SampleTag01","BD_demo"
12539161,"SampleTag01","BD_demo"
12540691,"SampleTag01","BD_demo"
12541526,"SampleTag01","BD_demo"
12541829,"SampleTag01","BD_demo"
12541886,"SampleTag01","BD_demo"
12541910,"SampleTag01","BD_demo"
12543049,"SampleTag01","BD_demo"
12543452,"SampleTag01","BD_demo"
12544557,"SampleTag01","BD_demo"
12546049,"SampleTag01","BD_demo"
12546098,"SampleTag01","BD_demo"
12549903,"SampleTag01","BD_demo"
12555700,"SampleTag01","BD_demo"
12556117,"SampleTag01","BD_demo"
12556444,"SampleTag01","BD_demo"
12559523,"SampleTag01","BD_demo"
12562217,"SampleTag01","BD_demo"
12562254,"SampleTag01","BD_demo"
12562652,"SampleTag01","BD_demo"
12564925,"SampleTag01","BD_demo"
12565313,"SampleTag01","BD_demo"
12568346,"SampleTag01","BD_demo"
12569561,"SampleTag01","BD_demo"
12570329,"SampleTag01","BD_demo"
12681995,"SampleTag01","BD_demo"
12682792,"SampleTag01","BD_demo"
12683169,"SampleTag01","BD_demo"
12684327,"SampleTag01","BD_demo"
12687058,"SampleTag01","BD_demo"
12687441,"SampleTag01","BD_demo"
12691603,"SampleTag01","BD_demo"
12691664,"SampleTag01","BD_demo"
12692394,"SampleTag01","BD_demo"
12692744,"SampleTag01","BD_demo"
12694339,"SampleTag01","BD_demo"
12696208,"SampleTag01","BD_demo"
12696249,"SampleTag01","BD_demo"
12696964,"SampleTag01","BD_demo"
12698561,"SampleTag01","BD_demo"
12699333,"SampleTag01","BD_demo"
12700812,"SampleTag01","BD_demo"
12700818,"SampleTag01","BD_demo"
12704322,"SampleTag01","BD_demo"
12705414,"SampleTag01","BD_demo"
12706581,"SampleTag01","BD_demo"
12708560,"SampleTag01","BD_demo"
12708893,"SampleTag01","BD_demo"
12710027,"SampleTag01","BD_demo"
12711219,"SampleTag01","BD_demo"
12711995,"SampleTag01","BD_demo"
12712351,"SampleTag01","BD_demo"
12714244,"SampleTag01","BD_demo"
12714639,"SampleTag01","BD_demo"
12715784,"SampleTag01","BD_demo"
12715863,"SampleTag01","BD_demo"
12717314,"SampleTag01","BD_demo"
12717338,"SampleTag01","BD_demo"
12717353,"SampleTag01","BD_demo"
12829487,"SampleTag01","BD_demo"
12830221,"SampleTag01","BD_demo"
12830293,"SampleTag01","BD_demo"
12831053,"SampleTag01","BD_demo"
12832590,"SampleTag01","BD_demo"
12834075,"SampleTag01","BD_demo"
12834482,"SampleTag01","BD_demo"
12839075,"SampleTag01","BD_demo"
12839097,"SampleTag01","BD_demo"
12839490,"SampleTag01","BD_demo"
12839881,"SampleTag01","BD_demo"
12840238,"SampleTag01","BD_demo"
12841416,"SampleTag01","BD_demo"
12846015,"SampleTag01","BD_demo"
12849053,"SampleTag01","BD_demo"
12849487,"SampleTag01","BD_demo"
12851738,"SampleTag01","BD_demo"
12852170,"SampleTag01","BD_demo"
12852529,"SampleTag01","BD_demo"
12854407,"SampleTag01","BD_demo"
12859052,"SampleTag01","BD_demo"
12859843,"SampleTag01","BD_demo"
12862103,"SampleTag01","BD_demo"
12863304,"SampleTag01","BD_demo"
12863694,"SampleTag01","BD_demo"
12864025,"SampleTag01","BD_demo"
12978109,"SampleTag01","BD_demo"
12978877,"SampleTag01","BD_demo"
12980831,"SampleTag01","BD_demo"
12981183,"SampleTag01","BD_demo"
12982713,"SampleTag01","BD_demo"
12982716,"SampleTag01","BD_demo"
12984256,"SampleTag01","BD_demo"
12984992,"SampleTag01","BD_demo"
12985049,"SampleTag01","BD_demo"
12985439,"SampleTag01","BD_demo"
12986132,"SampleTag01","BD_demo"
12986579,"SampleTag01","BD_demo"
12986888,"SampleTag01","BD_demo"
12991176,"SampleTag01","BD_demo"
12991578,"SampleTag01","BD_demo"
12994265,"SampleTag01","BD_demo"
12996153,"SampleTag01","BD_demo"
12998480,"SampleTag01","BD_demo"
13000031,"SampleTag01","BD_demo"
13004632,"SampleTag01","BD_demo"
13005382,"SampleTag01","BD_demo"
13005701,"SampleTag01","BD_demo"
13005721,"SampleTag01","BD_demo"
13006917,"SampleTag01","BD_demo"
13009547,"SampleTag01","BD_demo"
13009555,"SampleTag01","BD_demo"
13010689,"SampleTag01","BD_demo"
13011121,"SampleTag01","BD_demo"
13124818,"SampleTag01","BD_demo"
13125932,"SampleTag01","BD_demo"
13126282,"SampleTag01","BD_demo"
13129818,"SampleTag01","BD_demo"
13130905,"SampleTag01","BD_demo"
13130913,"SampleTag01","BD_demo"
13132052,"SampleTag01","BD_demo"
13133188,"SampleTag01","BD_demo"
13135134,"SampleTag01","BD_demo"
13135581,"SampleTag01","BD_demo"
13136671,"SampleTag01","BD_demo"
13137459,"SampleTag01","BD_demo"
13138271,"SampleTag01","BD_demo"
13138651,"SampleTag01","BD_demo"
13138955,"SampleTag01","BD_demo"
13139729,"SampleTag01","BD_demo"
13141719,"SampleTag01","BD_demo"
13142019,"SampleTag01","BD_demo"
13145484,"SampleTag01","BD_demo"
13146281,"SampleTag01","BD_demo"
13147091,"SampleTag01","BD_demo"
13147823,"SampleTag01","BD_demo"
13148626,"SampleTag01","BD_demo"
13148931,"SampleTag01","BD_demo"
13150540,"SampleTag01","BD_demo"
13151258,"SampleTag01","BD_demo"
13151692,"SampleTag01","BD_demo"
13152464,"SampleTag01","BD_demo"
13153548,"SampleTag01","BD_demo"
13153987,"SampleTag01","BD_demo"
13155106,"SampleTag01","BD_demo"
13155136,"SampleTag01","BD_demo"
13156296,"SampleTag01","BD_demo"
13158238,"SampleTag01","BD_demo"
13277984,"SampleTag01","BD_demo"
13279523,"SampleTag01","BD_demo"
13281801,"SampleTag01","BD_demo"
13282575,"SampleTag01","BD_demo"
13284576,"SampleTag01","BD_demo"
13284896,"SampleTag01","BD_demo"
13285634,"SampleTag01","BD_demo"
13285709,"SampleTag01","BD_demo"
13286448,"SampleTag01","BD_demo"
13286449,"SampleTag01","BD_demo"
13290673,"SampleTag01","BD_demo"
13292244,"SampleTag01","BD_demo"
13293385,"SampleTag01","BD_demo"
13294916,"SampleTag01","BD_demo"
13294936,"SampleTag01","BD_demo"
13296051,"SampleTag01","BD_demo"
13296458,"SampleTag01","BD_demo"
13296781,"SampleTag01","BD_demo"
13299138,"SampleTag01","BD_demo"
13299858,"SampleTag01","BD_demo"
13302236,"SampleTag01","BD_demo"
13302560,"SampleTag01","BD_demo"
13302968,"SampleTag01","BD_demo"
13307557,"SampleTag01","BD_demo"
13418573,"SampleTag01","BD_demo"
13420470,"SampleTag01","BD_demo"
13420840,"SampleTag01","BD_demo"
13422414,"SampleTag01","BD_demo"
13425847,"SampleTag01","BD_demo"
13425874,"SampleTag01","BD_demo"
13428552,"SampleTag01","BD_demo"
13430068,"SampleTag01","BD_demo"
13430074,"SampleTag01","BD_demo"
13431986,"SampleTag01","BD_demo"
13432708,"SampleTag01","BD_demo"
13433492,"SampleTag01","BD_demo"
13434304,"SampleTag01","BD_demo"
13435042,"SampleTag01","BD_demo"
13436547,"SampleTag01","BD_demo"
13440478,"SampleTag01","BD_demo"
13441600,"SampleTag01","BD_demo"
13442324,"SampleTag01","BD_demo"
13443107,"SampleTag01","BD_demo"
13443905,"SampleTag01","BD_demo"
13444670,"SampleTag01","BD_demo"
13446222,"SampleTag01","BD_demo"
13446585,"SampleTag01","BD_demo"
13448113,"SampleTag01","BD_demo"
13448890,"SampleTag01","BD_demo"
13449263,"SampleTag01","BD_demo"
13451963,"SampleTag01","BD_demo"
13452674,"SampleTag01","BD_demo"
13454635,"SampleTag01","BD_demo"
13566033,"SampleTag01","BD_demo"
13566744,"SampleTag01","BD_demo"
13567116,"SampleTag01","BD_demo"
13567194,"SampleTag01","BD_demo"
13567534,"SampleTag01","BD_demo"
13569063,"SampleTag01","BD_demo"
13571353,"SampleTag01","BD_demo"
13571727,"SampleTag01","BD_demo"
13573339,"SampleTag01","BD_demo"
13573663,"SampleTag01","BD_demo"
13574027,"SampleTag01","BD_demo"
13574078,"SampleTag01","BD_demo"
13574102,"SampleTag01","BD_demo"
13575556,"SampleTag01","BD_demo"
13576749,"SampleTag01","BD_demo"
13580251,"SampleTag01","BD_demo"
13580565,"SampleTag01","BD_demo"
13580618,"SampleTag01","BD_demo"
13580961,"SampleTag01","BD_demo"
13580979,"SampleTag01","BD_demo"
13582886,"SampleTag01","BD_demo"
13589050,"SampleTag01","BD_demo"
13592099,"SampleTag01","BD_demo"
13592101,"SampleTag01","BD_demo"
13594058,"SampleTag01","BD_demo"
13595144,"SampleTag01","BD_demo"
13595526,"SampleTag01","BD_demo"
13597117,"SampleTag01","BD_demo"
13598249,"SampleTag01","BD_demo"
13598636,"SampleTag01","BD_demo"
13598648,"SampleTag01","BD_demo"
13600174,"SampleTag01","BD_demo"
13600951,"SampleTag01","BD_demo"
13601753,"SampleTag01","BD_demo"
13714624,"SampleTag01","BD_demo"
13714990,"SampleTag01","BD_demo"
13716516,"SampleTag01","BD_demo"
13718048,"SampleTag01","BD_demo"
13718419,"SampleTag01","BD_demo"
13722296,"SampleTag01","BD_demo"
13724592,"SampleTag01","BD_demo"
13725012,"SampleTag01","BD_demo"
13725790,"SampleTag01","BD_demo"
13726917,"SampleTag01","BD_demo"
13728036,"SampleTag01","BD_demo"
13728070,"SampleTag01","BD_demo"
13728855,"SampleTag01","BD_demo"
13729602,"SampleTag01","BD_demo"
13730398,"SampleTag01","BD_demo"
13731542,"SampleTag01","BD_demo"
13733002,"SampleTag01","BD_demo"
13733403,"SampleTag01","BD_demo"
13733783,"SampleTag01","BD_demo"
13735005,"SampleTag01","BD_demo"
13735733,"SampleTag01","BD_demo"
13735756,"SampleTag01","BD_demo"
13736476,"SampleTag01","BD_demo"
13738824,"SampleTag01","BD_demo"
13739926,"SampleTag01","BD_demo"
13743778,"SampleTag01","BD_demo"
13744899,"SampleTag01","BD_demo"
13745675,"SampleTag01","BD_demo"
13746440,"SampleTag01","BD_demo"
13747288,"SampleTag01","BD_demo"
13861713,"SampleTag01","BD_demo"
13861715,"SampleTag01","BD_demo"
13862047,"SampleTag01","BD_demo"
13865161,"SampleTag01","BD_demo"
13865508,"SampleTag01","BD_demo"
13867082,"SampleTag01","BD_demo"
13867405,"SampleTag01","BD_demo"
13868561,"SampleTag01","BD_demo"
13869387,"SampleTag01","BD_demo"
13870895,"SampleTag01","BD_demo"
13872846,"SampleTag01","BD_demo"
13873203,"SampleTag01","BD_demo"
13874358,"SampleTag01","BD_demo"
13874779,"SampleTag01","BD_demo"
13875083,"SampleTag01","BD_demo"
13877418,"SampleTag01","BD_demo"
13878172,"SampleTag01","BD_demo"
13878541,"SampleTag01","BD_demo"
13879328,"SampleTag01","BD_demo"
13880520,"SampleTag01","BD_demo"
13880844,"SampleTag01","BD_demo"
13882016,"SampleTag01","BD_demo"
13882441,"SampleTag01","BD_demo"
13882837,"SampleTag01","BD_demo"
13882838,"SampleTag01","BD_demo"
13888556,"SampleTag01","BD_demo"
13888912,"SampleTag01","BD_demo"
13890057,"SampleTag01","BD_demo"
13891209,"SampleTag01","BD_demo"
13892357,"SampleTag01","BD_demo"
13893898,"SampleTag01","BD_demo"
13893901,"SampleTag01","BD_demo"
13895042,"SampleTag01","BD_demo"
13897356,"SampleTag01","BD_demo"
14009554,"SampleTag01","BD_demo"
14011418,"SampleTag01","BD_demo"
14013768,"SampleTag01","BD_demo"
14014553,"SampleTag01","BD_demo"
14015623,"SampleTag01","BD_demo"
14018001,"SampleTag01","BD_demo"
14018751,"SampleTag01","BD_demo"
14018764,"SampleTag01","BD_demo"
14019097,"SampleTag01","BD_demo"
14019498,"SampleTag01","BD_demo"
14019872,"SampleTag01","BD_demo"
14019899,"SampleTag01","BD_demo"
14022966,"SampleTag01","BD_demo"
14030253,"SampleTag01","BD_demo"
14031393,"SampleTag01","BD_demo"
14032909,"SampleTag01","BD_demo"
14036049,"SampleTag01","BD_demo"
14039502,"SampleTag01","BD_demo"
14042139,"SampleTag01","BD_demo"
14042509,"SampleTag01","BD_demo"
14043327,"SampleTag01","BD_demo"
